Name,AAB_4 ATP_10^-10M_750_5_5_M_S2.csv
Date,2024/09/24 10:42:56
Tag,AAB_4 ATP_10^-10M_750_5_5_M_S2
Comment,
Peak raman shift[cm-1],392.72009845721
Integration[ms],750
Averaging,5
Measure data Count,5
Source wave length,784.697448855189
Calibrate value 0,778.657113
Calibrate value 1,0.3511058614
Calibrate value 2,-0.000114611915
Calibrate value 3,-1.39683906E-08
Calibrate value 4,-6.349040836E-12
Calibrate value 5,6.469782684E-14
Sensor pixel num,512
Count monitor raman shift,0
Count monitor value,0
Dark name,
Ramanshift[cm-1],1,2,3,4,5
-93.0717810017486,14407.6,14333.8,14326.8,14386.4,14365
-87.2943736183952,12938.2,12946.6,13109.6,12943.8,13019
-81.525937530123,12823.6,12783.2,12894.6,12889,12901.8
-75.7664569369681,13008.4,12956,12912.6,13006,12994.4
-70.0159160827698,12871.6,12946.2,12939.2,13048.6,13041.2
-64.2742992549156,12656.8,12649.8,12697.4,12684.8,12669.8
-58.541590784067,12711.2,12779.4,12702,12822.6,12644.2
-52.8177750439099,12980.6,12947.8,12905,12952.2,12873.6
-47.1028364508675,13048.6,13020.6,12999.6,13052.8,13065.2
-41.3967594638525,13019.6,13059.2,13170.4,13004.4,13064
-35.6995285840112,13456.8,13583.2,13537.6,13520.2,13528.8
-30.0111283544538,13588.6,13574.4,13635,13599,13663.8
-24.3315433599946,13251.8,13272.2,13266.6,13145.8,13220.6
-18.6607582269062,13274,13334.2,13273.8,13257.8,13254
-12.9987576226504,13065.2,13093.8,13022.2,13135.4,13086
-7.34552625563083,12844.2,12752.4,12906.6,12881.8,12801.4
-1.70104887494199,12544.2,12553,12566.4,12670,12552.6
3.93468972989649,13351,13335.6,13315.6,13284,13330.6
9.56170472916892,12614.8,12639.8,12621.8,12703.4,12616.2
15.1800112532474,13021.6,12939.2,12904.6,13021.6,13032.4
20.7896243928062,12637.8,12654.4,12674.2,12729.2,12622
26.3905591990933,12779.2,12708.8,12670.2,12744.8,12687.2
31.9828306841591,13207.2,13218.2,13198.6,13172.6,13182
37.5664538211258,13006.6,12919.6,13034,12947.4,12933.4
43.1414435444076,12603,12676.4,12620,12565.6,12683.8
48.7078147499742,12721.2,12672,12740.6,12677.8,12621.4
54.2655822955694,12636.6,12482.4,12530,12472.2,12491.6
59.814761000991,12144,12208,12260.2,12111.6,12224.2
65.3553656482818,12166.8,12136.4,12186.4,12196.4,12140.4
70.8874109820135,12543.8,12613.2,12615.2,12621,12572.4
76.4109117094977,12748.8,12705.2,12665.6,12774.8,12674
81.9258825010347,12076.8,12082.6,12077,12101.4,12031.4
87.4323379901416,12562.2,12618.2,12585.2,12601.6,12578.4
92.9302927737936,12987,12966.2,12924.2,13017.4,12947.2
98.419761412657,12170.4,12292.4,12209.2,12253.8,12227.6
103.900758431322,12529.8,12567.2,12485,12515.8,12597
109.373298318533,12297.8,12412.2,12335.6,12308.8,12378.8
114.837395527415,12372,12416.8,12331.6,12412.2,12326.6
120.293064475716,12561.6,12564.4,12567.8,12571.6,12570.8
125.740319546025,13495.4,13485.6,13516.4,13508.4,13482
131.179175085999,12346.6,12265.6,12230.6,12347.6,12239.2
136.609645408595,12006.6,12065,12088.8,11970.6,12064
142.031744792304,12174,12128,12146.2,12130.4,12066.8
147.445487481351,12701,12752.8,12776,12713.4,12732
152.850887685943,12312,12389.6,12260,12244.4,12253
158.247959582481,12222.4,12256.8,12293.2,12208,12172.6
163.636717313779,12198.6,12147.6,12140,12168.6,12140.4
169.017174989298,12461.2,12536.2,12497.6,12421,12461.8
174.389346685342,12752.6,12745.8,12769,12760.8,12751.8
179.753246445305,12277,12277.2,12341,12208.8,12352.8
185.10888827987,12335.6,12326.8,12408.8,12386.6,12312.4
190.456286167238,12535.2,12516.8,12520.8,12523.6,12655
195.795454053326,12884,12827.4,12644.4,12763.8,12666.4
201.126405852005,12113,12183.4,12147,12166,12117.2
206.449155445292,12187.8,12169.4,12186.2,12295.2,12231.2
211.763716683583,11969.4,11945.4,11976.2,11968.6,11937.8
217.070103385846,12298.8,12396.4,12314,12400,12363
222.368329339855,11831.6,11984.8,11846.2,11989.8,11894.4
227.658408302384,12108.2,12143.6,12083,12093.8,12131.4
232.940353999415,12037.6,12143.6,12105.6,12144,11966
238.214180126355,11860.2,11970.4,11993.6,12015.6,11991.4
243.479900348242,12023.6,12156.4,12090.2,12099.2,12124
248.737528299953,12139.8,12063.6,12184.6,12076.8,12165.8
253.987077586402,11973.8,11943.2,11886.6,12007.6,11992.2
259.228561782755,12073.2,12127.4,12092,12143.4,12115.8
264.46199443463,12208.6,12281.6,12236.6,12205,12173.4
269.687389058301,12338.6,12341,12351,12285.8,12405.2
274.904759140896,12482.8,12497.8,12396.8,12571,12486.2
280.114118140607,12161.6,12134.2,12149.8,12170.4,12168.6
285.315479486881,12013.8,11911.2,11993.4,12008,12008
290.508856580633,12367.6,12245.6,12334.2,12356,12421.8
295.694262794426,13081.4,13205.8,13333.2,13453.4,13441
300.871711472693,15385.2,15481.2,15706.8,15992.6,15937
306.041215931913,17427.8,17534.4,18107.8,18424.4,18353.6
311.202789460824,19309.2,19546.2,20248.2,20938.8,20768.6
316.3564453206,21006,21417.2,22103,22939,22717.6
321.502196745068,21329.6,21807.6,22559.8,23307.4,23143.6
326.640056940885,21640.4,21888.8,22760,23551.6,23360.8
331.770039087738,21766.2,22151.6,22893,23712.8,23476.8
336.892156338543,21970,22330.4,23176.6,23959,23680.6
342.006421819617,22234.4,22530.2,23456.2,24243,23982
347.112848630893,22318.8,22877.2,23737.8,24519.4,24092
352.211449846096,22692,23277,24028.2,24815.8,24499.8
357.302238512928,22287,22967,23628.6,24385,24295
362.385227653271,22312.4,22837.2,23660.8,24473.2,24259
367.460430263362,22787.4,23257.8,23982.8,24814,24510.4
372.527859313997,22445.2,22871.6,23559,24535.4,24052
377.587527750688,23316.4,23444.6,24217,25202.2,24876.6
382.639448493877,23793,24296.6,24987.2,25931.8,25545.4
387.683634439107,25117.8,25641.4,26212.4,27414.6,26616.8
392.72009845721,26328.2,26809.6,27404.8,28819,27669.2
397.748853394485,25693.2,26194.4,26976.2,28288,27272.4
402.76991207289,24931.6,25319.2,26127.6,27527.2,26645.2
407.783287290211,23611.6,23946.4,24772.2,26055.2,25476.4
412.788991820255,22452.6,22866.8,23708.8,24945.2,24281.8
417.787038413016,21708.4,22039.8,22785,24042.4,23533.8
422.777439794883,21546.8,21919.4,22731,23703.4,23388.6
427.760208668777,21327.2,21742.2,22517.6,23502.4,23167.8
432.735357714366,21542.4,21995,22672.4,23731.2,23515
437.702899588219,21522.2,22038,22688.6,23598.6,23439.2
442.662846924002,21708.8,22007.2,22716.2,23599,23477.4
447.615212332628,20790.8,21213.2,21807.8,22897,22619.8
452.560008402459,20758.4,21202.4,21848.6,22835.4,22641
457.497247699466,20884.2,21366.8,22076.2,22889.2,22759.8
462.42694276741,20192,20700.6,21421.6,22181.4,22105.6
467.349106127996,20890.6,21175.6,21936.2,22731.6,22670
472.263750281081,20169.2,20665.8,21324,22192.8,22058.4
477.170887704813,20834.6,21217.2,21986.8,22841.4,22646.2
482.070530855812,20865.6,21130.6,21874,22899.6,22619.6
486.962692169351,21061.2,21417.4,22167.6,23055.4,22820.2
491.847384059509,20677.6,21129.8,21905.2,22879,22683.6
496.724618919354,20707,21114.2,21775.2,22662.4,22587.4
501.594409121106,20643.6,21062.4,21777.8,22550.4,22401.6
506.456767016303,21088,21450.2,22158.4,22966,22815.6
511.311704935972,20621.4,20980.8,21658.4,22537.4,22352
516.159235190789,20066,20448.8,21014.4,21955.2,21742.4
520.999370071249,20469.8,20922,21628.4,22380.4,22316.8
525.832121847836,20424.2,20769.4,21551.8,22457.4,22127.8
530.657502771179,20412.8,20924.6,21400.4,22392,22140.2
535.475525072219,19879.8,20275.4,20809.4,22039.2,21545.6
540.286200962379,20261.8,20645.8,21164.6,22359.6,21865
545.089542633712,20377.4,20666.6,21328.2,22495,21987.8
549.885562259076,19948.6,20438.6,21070.4,21978,21479.8
554.67427199229,20978.4,21247.8,21853.4,22738.2,22387.2
559.455683968295,20004.8,20328.2,20817.4,21954.2,21456.6
564.229810303319,19635.2,20012.2,20669,21642,21286
568.996663095024,20706.8,21017.4,21619.6,22631.8,22192.4
573.756254422682,20423.6,20676.4,21258.8,22109.8,21848.2
578.508596347321,19724.2,20187.2,20822.4,21532,21325.6
583.253700911884,20255,20736,21256.8,21931,21746.6
587.991580141394,20188.2,20588.2,21130.2,21933.8,21692
592.722246043097,19966,20200,20836.6,21507.8,21237.6
597.445710606635,19820.4,20371.8,20946.6,21661,21465.4
602.161985804183,20297.6,20651.6,21248.4,21915.8,21827
606.871083590626,19763.6,20165.4,20754.6,21390.4,21290.8
611.573015903688,19701,20020.2,20687.2,21429.4,21303
616.267794664109,19843.6,20206.6,20666.2,21468.4,21390.4
620.955431775774,20084.2,20472.6,21008.8,21726.4,21645.6
625.635939125892,19643.6,20200.6,20780.4,21462.4,21362
630.309328585123,20278.2,20552.2,21190.2,21912.4,21862.6
634.975612007751,20449.6,20991.6,21366.6,22147.6,21871.2
639.634801231821,19764.8,20151.4,20750,21403.8,21316.2
644.286908079293,19936,20345.4,20935.2,21435.8,21541.6
648.931944356194,19664.2,20060.8,20654.6,21273.8,21155
653.569921852761,19444,19884.2,20515.8,21121.8,20972
658.200852343592,19606.6,20070.4,20753.8,21318.2,21298.4
662.824747587809,19021.4,19307.8,19984,20732.8,20670
667.441619329178,19384.4,19748.4,20475.2,21075.2,20961.4
672.05147929628,19309,19673.2,20417.8,21026.4,20922.4
676.654339202636,19513.8,19965,20513.2,21231.4,21166
681.250210746879,19489.2,19859,20536.2,21152,21071.6
685.839105612884,19298.4,19758.2,20461.8,20946.6,20934.8
690.421035469903,19442.6,19896,20509.8,21172.8,21061.2
694.996011972729,19197.2,19619.2,20288.8,20824.4,20742.2
699.564046761832,19795.4,20102.2,20889.8,21481,21326.8
704.125151463501,19549.2,20010,20527.8,21214.6,21051.4
708.679337689982,19627.6,20010.4,20667.8,21186.2,21200
713.22661703964,19661.8,20129,20674.4,21358,21272
717.767001097078,19406.2,19702.8,20472.4,20977.4,20893.4
722.300501433285,19421.8,19651.6,20397.4,20873.6,20753.2
726.827129605783,18577.6,19049.2,19608,20193.2,20100.4
731.34689715877,19381.2,19635,20317.2,20827.6,20743
735.859815623244,19140.8,19568.4,20111.8,20662.8,20584.2
740.365896517156,19556.6,19993.8,20527,21182,21089.6
744.865151345544,19108.4,19378.8,20036,20627.8,20643.4
749.357591600676,19127.4,19419.8,20017.6,20587.8,20664.6
753.843228762184,18344.6,18860.6,19426,20064.2,20049.2
758.322074297195,18398.6,18600.6,19137.8,19737,19765
762.794139660487,18808.4,19209,19682.4,20438.6,20441.8
767.2594362946,18303.6,18702.6,19291.8,19715.4,19810.8
771.717975629996,19871.8,20361,20698.2,21222,21137.6
776.169769085182,18824.2,19087.6,19501,20101.4,20112.8
780.614828066839,19089.2,19401.8,19762,20435.4,20400
785.05316396998,18415.6,18792,19007,19833.8,19664.6
789.484788178057,18294.8,18766.6,19087.2,19701.6,19463.4
793.909712063116,18283.6,18647.8,19227.6,19749.2,19645.6
798.32794698591,19157.4,19494.4,19798.2,20366.8,20183.6
802.739504296052,18502,18790.8,19180.8,19837,19700.2
807.144395332138,18563.4,18983.4,19419.8,19896.2,19805.4
811.542631421878,18428.4,18796,19237.6,19737.8,19636.4
815.934223882232,18195.2,18470,18963.6,19506,19508.2
820.31918401953,17826,18215.8,18517.4,18986.6,19006.2
824.697523129624,18140.6,18504.6,18878.2,19338.4,19249.8
829.069252497993,18224,18469.4,18983.6,19412.2,19467.8
833.43438339989,18019.6,18169.8,18681.6,19044.8,19172.4
837.792927100469,17542,17901.8,18353.4,18926.4,18767.8
842.14489485491,17973.8,18279.6,18679.2,19265.2,19293.2
846.490297908544,17681.6,18127.6,18441.2,19017,18881.8
850.829147496994,17734.6,18050.2,18544.6,18977,18914
855.161454846289,17839.4,18175,18454.8,19069.6,18901.4
859.487231173005,17957.6,18472.4,18778,19282.6,19165
863.806487684371,17321.2,17610.6,18131.8,18543.4,18545.6
868.119235578417,17956.4,18245.2,18674.4,19190.2,19076.4
872.425486044092,18380.2,18628.8,18931.6,19446.2,19407
876.725250261385,18683.8,19049.2,19372.4,19735.4,19784.8
881.018539401459,18221.4,18484,18903.8,19283,19226
885.305364626767,18240.2,18625,19020.8,19308.8,19411.4
889.585737091185,18769.6,19054.4,19384,19774.6,19872.4
893.859667940127,17531,17948.4,18225.8,18738.4,18771.8
898.127168310677,17481.4,17756.6,18090.6,18504.4,18594.4
902.388249331707,17910.2,18288,18646.8,19038,18983.2
906.642922124003,18445.2,18637,19062.2,19404,19399.6
910.891197800389,17818.2,17991.8,18462.8,18953.2,18925.4
915.133087465836,17749.6,18040.2,18444.6,18872.2,18877.6
919.368602217606,17706.4,17918.4,18323.8,18941.6,18830.4
923.597753145354,18336.4,18648.8,19031,19537.4,19555.8
927.820551331259,17909.2,18212.4,18751,19117.2,19106.4
932.037007850138,18754.2,18997.8,19363.4,19877,19797.2
936.247133769581,18099.6,18308.6,18812,19297.4,19091.6
940.450940150044,18366.8,18544.8,18937,19498,19464
944.648438045002,18414.4,18653.8,19029.6,19496.4,19606.8
948.839638501038,17645,17984.8,18225.4,18804.2,18680.4
953.024552557976,18556.2,18787.2,19064.6,19491.2,19588.2
957.203191249007,17991.2,18294.4,18592,19045.8,19079.4
961.375565600785,18613.6,19056.4,19447.2,19808.2,19813.2
965.541686633571,18182.2,18579,18952.8,19270,19303.8
969.701565361323,18264.4,18533.2,18869,19183.6,19336.4
973.855212791839,18236.8,18562.6,18835.4,19389.4,19292.6
978.002639926852,17940.8,18341,18728.4,19151,19108.4
982.143857762165,18121.2,18370,18702.6,19157.4,19189.6
986.278877287752,18043.6,18368.2,18677,19156.2,19082
990.407709487881,18061.6,18282.2,18736.6,19359,19189.6
994.53036534123,17713.4,17928.6,18373,18784.8,18801.4
998.646855820994,18209.8,18455.6,18837.2,19310.6,19275.6
1002.75719189501,17308.6,17530.2,17961,18324,18412.2
1006.86138452586,17955.6,18278,18635,19071.8,19014.8
1010.95944467101,17712.4,17910,18261.2,18738.4,18687
1015.05138328288,17902.8,18158.6,18669.4,19142.4,18956.8
1019.13721130899,18087.2,18502.6,18896.6,19221.4,19356.2
1023.21693969209,17596.2,17943.8,18179.4,18800.2,18752.2
1027.2905793702,17497.2,17771.8,18240.2,18659.8,18631.6
1031.3581412768,17343.6,17622.4,18054.2,18543,18530.4
1035.41963634092,17579.2,18109.2,18476,18913.8,18982
1039.47507548723,17327.6,17788,18161.4,18616.6,18597.6
1043.52446963617,16999.2,17339.4,17870.4,18312,18324.6
1047.56782970403,17342.2,17642.8,18115.4,18679.8,18682.4
1051.60516660314,17282.6,17741.2,17984.2,18670,18589.4
1055.63649124187,16883.6,17418.4,17698.6,18344,18275.4
1059.66181452483,17068.8,17411,17981.8,18368.6,18343.4
1063.68114735294,16948,17379.6,17801,18253.8,18307.6
1067.69450062355,17466,17991.8,18350,18796.4,18771
1071.70188523054,19251.2,19808.8,20124,20609.8,20621.6
1075.70331206442,19588.4,20009.4,20346.2,20811,20823.6
1079.69879201248,20725,21254,21644,22176.8,22104.2
1083.68833595885,19842.2,20321.8,20780.8,21306,21357.6
1087.67195478464,18697,19081.6,19418.8,19959.4,20277.4
1091.64965936803,17808.4,18252.2,18639.2,19180.2,19396.6
1095.62146058439,17567.2,17954,18377,18906.6,19023
1099.58736930637,17041.8,17342.4,17811.4,18288.6,18248.4
1103.54739640402,17028.2,17447,17938,18315,18374.6
1107.5015527449,16791.6,17309.4,17729,18208.8,18417.2
1111.44984919419,17157.2,17398.2,17752.6,18363,18424.8
1115.39229661475,16988.2,17383.2,17733.6,18244.8,18381
1119.32890586729,16882.8,17156.2,17574.2,18125.8,18166.6
1123.25968781045,17134.8,17573.2,18042.2,18434.4,18631.8
1127.18465330088,16767,17114,17499.2,17850.4,18077.2
1131.10381319339,16757.8,17115.8,17483.2,17913.2,18140
1135.01717834101,17823.6,18255.8,18387.4,18971.2,19046
1138.92475959512,17709.8,18162.6,18417.4,18944.8,18954.8
1142.82656780556,17565.8,18047.4,18220.4,18812,18851
1146.72261382071,17358,17876.6,18149.8,18797.2,18914.4
1150.61290848762,16979.2,17346.4,17568.6,18321.6,18380
1154.49746265207,17262.2,17711,18148.6,18585.4,18853.6
1158.37628715874,16710.6,16991.6,17453.6,18105.4,18101.4
1162.24939285125,16539.2,16971.2,17355,18056.8,18094.4
1166.11679057228,17133.4,17512.2,18073.6,18543,18755.2
1169.97849116371,16782.2,17298.8,17682.8,18163,18343.4
1173.83450546665,17158.6,17630.2,18074,18613.2,18712.2
1177.68484432161,16586.4,16908.8,17406,17955.6,17999.8
1181.52951856857,16930.6,17239.2,17838.6,18295.8,18414.8
1185.36853904707,17191.4,17754.6,18160.2,18611.2,18705
1189.20191659634,17016.2,17467,17898.6,18314.6,18526.8
1193.02966205537,16535.4,16883.2,17403.2,17863.6,17978.8
1196.85178626303,16196.4,16511,16917.4,17400.4,17534.8
1200.66830005817,16096.2,16607.2,17079.6,17404.2,17612.4
1204.47921427972,15808.8,16222,16673.8,17250.6,17384
1208.28453976677,15436.6,15838.4,16336.6,16757.4,16777.2
1212.08428735869,16182.8,16517.4,17058.4,17513.6,17554.6
1215.87846789522,15744.2,16070.2,16569.6,17089.2,17194.8
1219.66709221657,17332.8,17690.8,18155,18674.8,18839.8
1223.45017116353,15724.4,16103.2,16530.4,17117.8,17188
1227.22771557754,15935.8,16223.8,16648.2,17363.4,17374.6
1230.99973630081,16141,16586,17037.8,17578.4,17625.2
1234.76624417643,16096.6,16496.2,16845,17465.4,17603.2
1238.52725004843,15912,16254.2,16750.6,17236.8,17364.6
1242.2827647619,15925,16338,16816.6,17456.6,17574.8
1246.0327991631,16281.4,16608.6,17087.6,17497.2,17867.4
1249.77736409951,16252.8,16624.2,17124.2,17681,17740.8
1253.51647042001,15469,15780.6,16380.2,16922.6,17015.4
1257.25012897487,15921.4,16221.4,16749.8,17435.4,17473.2
1260.97835061592,15826,16217.8,16566.4,17225.8,17345
1264.70114619665,15941.4,16220.6,16746.6,17406.6,17494.6
1268.41852657223,15697.4,16207.8,16645.4,17222.8,17358
1272.13050259971,15468,15892.6,16344.6,17011.4,17166.2
1275.83708513802,15358.8,15721.4,16179,16824.6,16930.8
1279.53828504814,15908.6,16280,16752,17387,17535.6
1283.23411319314,16170,16531.8,17000.8,17620.2,17784.8
1286.9245804383,15606.8,16007.4,16401,17065.8,17227.2
1290.6096976512,15440.8,15778.6,16283.4,16975.4,17093
1294.28947570181,15671.4,15999,16483.2,17034.2,17337.6
1297.9639254626,16114.8,16406,16922.2,17585.2,17869
1301.63305780862,15460.6,15858.8,16290,16935.8,17083.4
1305.29688361757,15851.8,16210.4,16646.2,17406.6,17518.2
1308.95541376995,15969,16216,16810.6,17354.4,17446.8
1312.60865914909,15806.8,16153,16739.8,17327.2,17478.8
1316.2566306413,15253,15629.2,16145.8,16761.4,16926
1319.89933913592,15433.6,15776.2,16259.8,16853.8,17032
1323.53679552544,16253.6,16686,17064.6,17800,17915.6
1327.16901070555,15603,16088.6,16607.2,17165.4,17294.2
1330.79599557529,16180.4,16659.4,17208.4,17771.4,17961.2
1334.4177610371,15731.4,16042.4,16513.6,17111.4,17266
1338.03431799694,15832.2,16181.2,16697,17392.2,17509.8
1341.64567736434,15534,15898.4,16368,17070.6,17070
1345.25185005254,15467.4,15798.4,16347.8,17016.2,17028.6
1348.85284697853,15235.6,15629,16162,16771.6,16931.2
1352.44867906319,15419.2,15743.4,16229,16814.2,16872
1356.03935723136,15368.2,15683.6,16157,16823.6,16870.2
1359.62489241191,16050.4,16437,16937.2,17454.8,17510.6
1363.20529553785,15663.6,15839.6,16307.2,16889.6,17145.6
1366.78057754642,15562.2,15886.2,16448,16953.2,17126
1370.3507493792,15614,15923.8,16463,16972.8,17111.2
1373.91582198213,15709,16013.6,16436.4,17094.6,17217.6
1377.47580630568,15889.6,16256.8,16640,17250.6,17371.8
1381.0307133049,15837.6,16081,16460.8,17031.8,17058.4
1384.5805539395,15581.6,15901.4,16475.6,16869.6,17122
1388.12533917395,15761.8,16076.2,16630.4,17038.6,17226.2
1391.66507997758,15342.8,15872.6,16209.6,16707.2,17014.6
1395.19978732466,15239,15688.6,16078,16558.4,16828.6
1398.72947219447,15404.4,15667.4,16117.6,16801.8,16816
1402.25414557141,15478.4,15755.8,16323.6,16785.6,17139
1405.77381844509,15351,15595.2,16094.8,16526.2,16908.2
1409.28850181038,14975.2,15195.6,15676,16188.6,16402.6
1412.79820666756,14581,14847.2,15334.4,15770.2,16025
1416.30294402234,14989.4,15340.4,15571,16079.8,16293.8
1419.802724886,15608.2,15918,16292.4,16821.8,16992
1423.29756027544,15300.4,15502,15993,16381.2,16564.8
1426.78746121329,15194.2,15665.6,16013.2,16517.2,16574.2
1430.27243872799,15856,16150,16547.2,16932.8,17040.8
1433.75250385385,15169.4,15549.4,15895,16366,16478.8
1437.22766763118,15218.6,15487,15835.2,16424.4,16486.2
1440.69794110635,15300,15718.2,16074.4,16471.8,16622.8
1444.16333533188,14972.2,15264.2,15788.4,16159,16243.6
1447.62386136651,14823,15109.6,15492.4,15993.8,16038.4
1451.07953027533,14726.8,15160.2,15642.8,15866.8,16029.2
1454.5303531298,15270.6,15564.2,16020.2,16492,16453
1457.97634100789,15118,15338,15825.8,16275.6,16449
1461.41750499413,15274.2,15647.4,15979.4,16479,16651.6
1464.85385617972,15400.8,15702.4,16010.2,16560.4,16718.8
1468.28540566259,14927.6,15109,15622.6,15934.4,16006
1471.7121645475,14952.4,15190.2,15594.2,16130.4,16056.8
1475.13414394613,14444.8,14921.8,15189,15780,15794.8
1478.55135497713,15285.6,15548.8,16004,16474.4,16511.2
1481.96380876624,14978.8,15193.8,15648.6,16114.2,16143.4
1485.37151644636,14944,15189.8,15504.8,15979.8,16061.4
1488.77448915761,14565.4,14670.6,15145.2,15640.6,15634.8
1492.17273804746,14852.6,14967.2,15609.2,15974.6,16106
1495.56627427079,15363.2,15623.2,16033.6,16581.6,16608.8
1498.95510898993,14723.2,14925.2,15357.2,15794,15858.6
1502.33925337483,14693,15033.6,15410.8,15849.2,15905
1505.71871860307,14316,14578.4,14933.2,15495.2,15551.8
1509.09351585995,14572,14893,15230.4,15845,15810
1512.46365633861,14724.8,14985,15322.2,15772,15904.8
1515.82915124009,14613.6,14944,15268.6,15656.4,15872
1519.19001177338,14451,14833.8,15076.2,15604.4,15720.4
1522.54624915557,14758,14991.8,15375.4,15861,15879.2
1525.89787461186,14216.4,14469.8,14741,15264.4,15412.6
1529.2448993757,14123,14528.2,14757.2,15175.8,15271.8
1532.5873346888,14891,15140.8,15578.2,15865.2,16008.6
1535.9251918013,14512.4,14811.2,15172.6,15532,15611.8
1539.25848197178,14516.2,14903,15114.2,15499.2,15728.8
1542.58721646737,15056.6,15433.2,15670.6,16126.2,16245
1545.91140656381,14261.2,14445,14870.8,15295.2,15307
1549.23106354556,15514.2,15919.8,16174.8,16645.6,16632.2
1552.54619870586,14966,15410.8,15710.6,16018.4,16144.8
1555.85682334679,14402.2,14759.2,15157.4,15468.2,15416.8
1559.1629487794,13890.6,14368,14693.6,14949,15106.6
1562.46458632374,14524.2,14718.4,15158.2,15532.8,15607.6
1565.76174730898,14839.2,15188.4,15472.8,15875,15992.4
1569.05444307344,15253.2,15545.8,15879.2,16264.6,16452.4
1572.34268496471,14986.4,15359.4,15708.2,16008.4,16185.6
1575.62648433972,15055.2,15342.6,15719.6,16044.6,16203.4
1578.9058525648,15149.2,15409,15847.4,16093.2,16343.2
1582.18080101577,15711.8,16161.6,16363.4,16795,16936.2
1585.45134107804,15455,15799,16005,16429.4,16497
1588.71748414662,15697.6,15798,16303.4,16588.6,16746.4
1591.9792416263,15541.2,15830.4,16106.4,16437.8,16484.2
1595.23662493162,15032.2,15290.2,15699.8,16061.6,16191.8
1598.48964548702,14660.4,14944.4,15219.4,15564.6,15627.8
1601.73831472689,14435,14723.2,14959.8,15366,15311.2
1604.98264409566,14685.6,14987,15170.2,15578.2,15682.6
1608.22264504785,14249.2,14461.8,14729.4,15158,15209.8
1611.45832904817,13737.4,14039.2,14160,14628.2,14611.4
1614.6897075716,14476.6,14682,14995,15237.4,15409
1617.91679210344,13703.4,13873,14043.8,14421.6,14519.8
1621.1395941394,14141.6,14220.8,14413.4,14875.8,14881.8
1624.3581251857,13629,14000.2,14174.8,14378.2,14408.6
1627.5723967591,13747,14025.8,14261.6,14349.4,14477
1630.78242038701,13333.2,13681.2,13879.4,14097.8,14182.8
1633.98820760753,13783.8,13948,14232.8,14380.4,14525.4
1637.18976996958,13496.2,13792.2,14025.8,14233.4,14202.2
1640.38711903293,13717.6,13967.4,14172,14377.4,14506.2
1643.58026636828,14037.8,14237.4,14333.2,14544.8,14601
1646.76922355734,13308.4,13459,13732.2,13818.2,13953
1649.95400219293,14167.8,14300.8,14513.4,14656.2,14795
1653.13461387899,13493.4,13690.8,13918,14027,14036
1656.31107023073,13089.8,13303.6,13455.4,13668.4,13782.8
1659.48338287466,13456.8,13705.6,13816.6,14050.6,14046.6
1662.65156344865,14141.8,14236.4,14500.4,14561.8,14676.6
1665.81562360205,13153.4,13438,13504,13689.4,13833
1668.97557499572,13404.4,13682.4,13826.4,13921.8,14094.6
1672.13142930214,13703.6,13928.4,14074.8,14134,14252.2
1675.28319820544,13759,13903,14061.8,14142.6,14333
1678.43089340151,13225.4,13445.2,13585,13657.2,13730.8
1681.57452659805,13316.6,13525,13678.8,13849,13904.4
1684.71410951468,13334.2,13566.6,13680,13790.2,13857.8
1687.84965388294,13255.6,13468.6,13609.2,13680,13739.8
1690.98117144643,13115.4,13302.8,13548.8,13624.2,13633.8
1694.10867396086,12991.6,13204.6,13285,13424.4,13379.2
1697.23217319411,13015.8,13207.8,13350.8,13481.4,13545.2
1700.35168092631,13233.2,13309.8,13533,13752,13645.6
1703.46720894991,13180.8,13279.6,13525.4,13563.2,13611.8
1706.57876906976,13143,13343,13441.6,13553.8,13623.6
1709.68637310317,13631.8,13760.4,13837,13967.4,13986.8
1712.79003287998,13182.4,13363.8,13480.2,13566.4,13588.8
1715.88976024265,13197,13280.8,13466.2,13555.6,13634.4
1718.98556704628,13624,13724.8,13780.2,13880.2,13899.8
1722.07746515876,13365.6,13501.8,13572.4,13598.4,13831.8
1725.16546646076,13330.8,13485,13609.8,13640.2,13761.8
1728.24958284586,12834.8,12877.8,13052,13138.6,13154.4
1731.32982622057,13046.6,13325.4,13396,13452.6,13600
1734.40620850444,12926.8,13085,13190,13318.4,13294.2
1737.47874163012,13322.8,13430.6,13539,13557.6,13533
1740.5474375434,12921,12953.8,13102.4,13200.2,13201.6
1743.61230820332,13896.8,14005.2,14108.6,14283.6,14251.8
1746.67336558223,13143.2,13281.6,13331,13332.2,13447.8
1749.73062166581,13053.6,13080.8,13232,13321.8,13365
1752.78408845321,13024.2,13157.2,13265.6,13378.8,13420.6
1755.83377795708,13122,13252.6,13387.8,13416,13433.4
1758.87970220363,13012,13258.6,13250.8,13349.6,13395
1761.92187323273,13048.8,13231,13418.6,13312.6,13460
1764.96030309795,12833.6,12988.8,13112.2,13165.8,13080.4
1767.99500386662,12559.8,12725.6,12695.2,12813.2,12825.8
1771.02598761996,13290,13388.2,13447.6,13615.2,13585
1774.05326645304,13303.8,13300.6,13447,13517.2,13606.2
1777.07685247494,12802.4,13013,13135.4,13110,13173.4
1780.0967578088,12839.4,13039,13134.4,13098.8,13133.4
1783.11299459184,13368.6,13602,13623.6,13627.8,13746.2
1786.12557497547,13389.6,13388.4,13581.2,13582.2,13623
1789.13451112534,13313.6,13442.2,13481.8,13467,13606.6
1792.13981522142,12788.6,12939,13001,13091.6,13138.8
1795.14149945803,12736.8,12903.6,13009.8,13003.8,13107.8
1798.13957604396,13236.4,13403.6,13488,13548.6,13550
1801.1340572025,13349.2,13423.2,13536.2,13475.4,13605.2
1804.12495517148,13092.2,13228,13200,13292.6,13426.4
1807.1122822034,13106.8,13107.2,13223.6,13213,13317.2
1810.09605056545,12761.4,12871.6,12907.4,13009,13022.2
1813.07627253959,12835.2,12908,13028.6,13093.4,13093.4
1816.05296042259,12511,12563,12728.2,12750.4,12741.8
1819.02612652614,12571.2,12795.8,12809,12902.8,12904.8
1821.99578317688,12779.2,12900.2,12902.8,13109.8,13103.4
1824.96194271646,12443.6,12573.2,12650.4,12632.6,12689
1827.92461750162,12834,12902,13050.4,12999.6,13121.6
1830.88381990425,12620.6,12646.6,12791.2,12867.2,12878.2
1833.83956231147,12829.4,12947.4,13019.2,13097.2,13072.2
1836.79185712564,12591,12784.4,12798.4,12843.8,12982.8
1839.74071676449,12817.4,12971,13136.8,13090.4,13158.6
1842.68615366112,12886.8,12909,13051.8,13088.2,13135.6
1845.62818026413,12386.2,12580.6,12518.2,12714.8,12652.8
1848.5668090376,13056.4,13034.4,13173.8,13184,13248.8
1851.50205246124,12763.8,12759.6,12924.8,12893,12984.8
1854.43392303037,12754,12890.8,12915.6,12955.8,12931.2
1857.36243325606,12490.4,12646.2,12664,12699,12700.2
1860.28759566511,13407,13585.4,13627,13687,13668
1863.20942280019,12887.8,12963.8,12961.4,13089.4,13074.8
1866.12792721984,12705.8,12828.6,12917.4,12944.2,12981.2
1869.04312149855,12451.4,12549.4,12750,12689.4,12642.8
1871.95501822685,12474,12630.6,12686.4,12721.4,12719.2
1874.86363001132,12167.4,12262,12255.6,12397.4,12370.8
1877.7689694747,12772.4,13049.4,12998.8,13092.6,13188.8
1880.67104925589,12658.2,12741.4,12727.4,12900.4,12844.2
1883.56988201009,12530.6,12551.6,12699.6,12729,12687.2
1886.46548040877,12978,13142.8,13243.4,13157.4,13232.4
1889.35785713981,12657,12790,12802.2,12920,12891.2
1892.24702490748,12673.4,12808.2,12879.8,12956.2,12800.8
1895.13299643259,12780.8,12772.6,12915.8,12976.8,13019.8
1898.01578445248,12911.2,12923.8,13073,13079.4,13133.4
1900.89540172107,12430.6,12405.4,12616.8,12568,12609.4
1903.77186100899,12649.2,12748.6,12846.8,12940.4,12937.2
1906.64517510357,12952.4,13060,13105.4,13248,13185.2
1909.51535680893,13048.2,13087.4,13138,13250.6,13283.6
1912.38241894602,12898.4,13075.8,13072.4,13073,13215.4
1915.24637435269,12835.2,12921,12981,13070.2,13081.6
1918.10723588376,12980.6,13114,13160.8,13166.8,13240
1920.96501641103,12927.2,13083,13140.6,13149.2,13102.8
1923.8197288234,12428,12480.4,12705.2,12790,12790
1926.67138602686,12688.2,12786.6,12811.8,12921.4,12963.8
1929.52000094461,12477.2,12619.2,12548.2,12664.2,12712.2
1932.36558651706,12610.8,12759.4,12836.4,12956.2,12864.8
1935.20815570193,12574.4,12657.8,12810.4,12757.8,12775.8
1938.04772147427,12827.4,13037.8,13035.6,13077.6,13069.8
1940.88429682654,12770.2,12847.6,12899,12897.2,12990
1943.71789476865,12940.4,12980.4,12997.6,13094,13063.8
1946.54852832804,13089.8,13220,13274.4,13339.2,13368.8
1949.37621054968,14179.8,14357.6,14349,14364.6,14333
1952.2009544962,13068.8,13258.6,13281.8,13242.4,13348.4
1955.02277324787,12817.4,12973.4,12915.2,13042.6,13112.8
1957.8416799027,12927,13026.8,13137,13247,13229.2
1960.65768757648,12482.4,12509.4,12621.4,12694.8,12685.8
1963.47080940283,12429.8,12491,12605.2,12644.6,12725.2
1966.28105853328,12691,12703.4,12835,12862.8,12918.4
1969.08844813725,12838,12973.8,13026.6,13037.6,13037.8
1971.8929914022,12603.6,12604.8,12715.4,12842.6,12702.6
