Wavelength,AAB_4 ATP_10^-3M_750_5_5_M_S3_I1,AAB_4 ATP_10^-3M_750_5_5_M_S3_I2,AAB_4 ATP_10^-3M_750_5_5_M_S3_I3,AAB_4 ATP_10^-3M_750_5_5_M_S3_I4,AAB_4 ATP_10^-3M_750_5_5_M_S3_I5
342.006421819617,5.40861926089859,-36.52965565954412,3.5806809519101677,9.567700466799472,4.824414568514271
347.112848630893,1061.798266352212,908.8702805874059,920.190477225657,1148.158516724488,1005.8245939399162
352.211449846096,1683.678330548676,1666.6579884625473,1419.2063122993143,2013.2256771832394,1506.5864479716083
357.302238512928,1985.068163599129,1679.3977416320665,2032.3475806032732,2095.405169999536,2044.4571238631568
362.385227653271,2377.7246198480616,1757.1107628988707,2095.0008969602673,2365.6724922369576,2162.038721983283
367.460430263362,3355.807552705704,2416.1101699600495,2986.9428163474945,3071.056274652978,2922.9508064236197
372.527859313997,4528.929319328536,3051.716067739154,3441.412026111743,3795.731375533572,3599.3280269653774
377.587527750688,7299.567996976613,5470.53211168447,6111.792791128863,6494.696880219733,5754.040767629933
382.639448493877,11649.88833065557,9773.816431538478,10632.387913057906,10326.989917388173,9810.203376000782
387.683634439107,13655.618588364017,12045.461932361797,11414.951733019161,11816.532254224949,11860.859884831221
392.72009845721,13603.111726174273,11993.878774347464,11553.310645735326,11791.87658033314,11884.216013065523
397.748853394485,14090.088371898912,12234.87932260234,11943.614008395736,12099.017844422677,12385.938812072905
402.76991207289,14169.986248258341,12494.07821106397,12055.626093741565,12565.237670144657,12425.519456279104
407.783287290211,12750.184714617122,11152.302827976266,12191.530446254266,12381.35450194658,12488.0058325464
412.788991820255,10535.424231725332,8768.271334793457,10245.168287570224,10869.202766008644,10047.269672176784
417.787038413016,8570.177895694724,6782.256024673108,8583.210794301007,8956.52198893758,8642.386781286597
422.777439794883,7045.6422005595505,5080.775738468423,6884.8338857334,7505.554044726102,7129.224964289336
427.760208668777,6028.210490226532,3763.1280217225444,5699.41586215704,6384.986870171247,5650.805408005474
432.735357714366,5782.286833131724,3268.7917873418182,5455.749746473288,5657.294061838878,5421.145310443621
437.702899588219,5940.965393593946,3091.464161616314,5010.7020709288045,5400.173105275388,4793.984332780008
442.662846924002,5481.916184488948,2530.6807352644464,4986.6331344349865,5042.060120912913,4775.99121134176
447.615212332628,4068.83935446472,1520.8401482542733,3670.044894310278,4092.7711573449487,3728.8462412156505
452.560008402459,3071.862270935585,871.5759851241824,2961.441682168714,3282.0695905491657,3077.922588379837
457.497247699466,3040.436842183686,755.6099738062055,2771.3413514303156,3126.9662219268034,2732.114811739154
462.42694276741,3299.144159755934,883.0241637425206,3050.7604113896673,3559.420825154095,3226.298060581526
467.349106127996,3322.8825522028783,984.8619580334428,3480.5896589408467,3845.7100589273537,3667.715242561619
472.263750281081,2676.351765402931,493.26872494308054,2450.4695840004274,3005.1694033938375,2805.874579916282
477.170887704813,2125.862660048393,110.5154134623699,2261.8180870511633,2328.229453610747,2291.9745008771783
482.070530855812,2443.4839116316266,612.2298567181333,2479.850148269181,2892.316885383003,2445.207243663135
486.962692169351,2960.2148796306074,1163.2300899058985,2985.588199166396,3387.156824534485,2923.221513823404
491.847384059509,2958.809022321021,1130.2667041891798,2883.8968206145664,3262.6983607229477,2831.449039742692
496.724618919354,2714.171016162725,1067.6030021606907,2483.4365653277605,3136.302946838666,2651.1875082776246
501.594409121106,2662.8131693676846,1202.5106389285074,2755.622821503367,3023.5904711546227,2778.950440282601
506.456767016303,2451.2917450099203,1039.788530597066,2367.219785599603,2679.5973260055453,2522.6064629771586
511.311704935972,1955.9114659286417,668.617352676283,1920.2340109935221,2189.7320050033763,2088.458912632348
516.159235190789,1442.736179464587,312.6388948950189,1528.7142905258295,1753.548319580998,1384.8156162072219
520.999370071249,1087.0920113267107,49.02101891717939,1297.9166005139493,1645.0782215253657,1545.5184274106832
525.832121847836,1128.7927368427042,99.73162615681792,1225.7683914809177,1647.7954887457622,1161.3559109756661
530.657502771179,1067.2030173471428,38.13937065454593,873.4747795878543,1139.0756780657205,982.6690810138114
535.475525072219,775.6187264674292,-111.66335839006064,418.1251142552419,812.357236824914,419.9722791610366
540.286200962379,848.8188832787853,133.59144374010475,719.0780381532343,1164.9152843423565,789.046937623168
545.089542633712,690.9123186722246,161.91799111318596,666.0023934730096,925.7862837224077,601.4136512468431
549.885562259076,194.237633240746,-54.528059040925115,77.82899021131851,213.82676720708724,-5.8158270068491476
554.67427199229,36.509357640667986,-44.76393769016511,97.71437718146227,25.999543558412086,159.83265829853786
559.455683968295,-82.57155973197158,-303.1005952157696,-151.16664778420557,-90.69079210970096,-124.30614854370553
564.229810303319,-44.64328616545539,-413.34736778944284,-74.20231605493908,-71.54207643317889,-186.31829553308702
568.996663095024,213.11048271377587,96.19321791910639,395.60853644675956,262.40243466015676,237.71075387172527
573.756254422682,75.70350906637132,138.22353529881235,398.6002429375318,189.91846052593766,104.40999254981057
578.508596347321,-21.236163515530457,-84.23912848572462,149.91555476809242,66.89827141796104,335.8786024389525
583.253700911884,326.4300848112541,422.8898392839012,480.59845581986133,412.7077510611003,609.9009043373346
587.991580141394,312.37407388104396,590.2538449964943,636.2863888965228,365.0719440921634,652.3012430936003
592.722246043097,6.61034654670172,133.5003534381225,282.9933623495112,-10.155412526481086,34.584278969132185
597.445710606635,216.48777380725807,280.003991137913,612.0402146602112,156.49789962603325,484.8604209905869
602.161985804183,492.30881976288214,613.7196952428691,681.513500965993,368.5188312199597,817.7538174744823
606.871083590626,559.3135650021559,639.9847200692254,803.8755984858221,430.69759236758784,579.1077277270191
611.573015903688,674.060028288344,714.6937988858328,1037.2539849334582,545.2543057184241,835.509930524668
616.267794664109,569.2164692074567,660.302430794708,576.2006847475408,257.7041151239132,595.4654764468889
620.955431775774,433.65480270666023,517.0883884130321,626.489788761086,71.87204132157785,727.7203022862932
625.635939125892,866.8195654338416,788.60572781802,933.0736528594085,609.7763508525054,1069.7568640796476
630.309328585123,1980.2864344275747,1688.0695560988552,1619.8539584492833,1415.5920959963007,1753.0513291938973
634.975612007751,2902.876380684605,2519.6424625420714,2458.025127145841,2086.3199333034727,2372.6067204280444
639.634801231821,3060.9264216633596,2801.7362867944535,2783.004834908887,2501.297685451711,2686.967473466916
644.286908079293,2759.8487419709113,2697.771283277516,2865.013983809751,2427.0801310443385,2756.2420838352327
648.931944356194,1876.4732622614383,1944.1052415218637,1875.2233069165873,1725.9809753176385,2162.3307290317857
653.569921852761,987.9798289501168,990.4973307178961,899.3515267517447,789.5942841131925,1016.8927168275953
658.200852343592,723.1899282157385,468.2629009144889,481.94212654688636,178.61402771889698,465.20010388673177
662.824747587809,511.13359908886605,168.75112479567804,54.795160991079456,35.40201765703773,99.19163756823684
667.441619329178,369.93326526436454,106.92158433209113,35.127386547825836,37.9889768639689,343.8310845806036
672.05147929628,312.749146148866,76.93707045899646,12.344759768427139,10.706548349880222,-82.66426867250925
676.654339202636,51.92000472242137,-119.96203208509917,-94.20210723796197,52.136131994715925,18.315614588537642
681.250210746879,20.51446594259164,-178.9136340769138,97.33046123651388,-38.56863567426694,-71.68008119208639
685.839105612884,187.54005530622442,-70.02247765441405,193.42055601015727,-87.25772209996808,-46.51385824810552
690.421035469903,336.0389669749891,116.5098807522445,-34.21115789713281,156.13862350376985,83.08345180385572
694.996011972729,794.1873762919242,513.0750455809778,393.0827443477215,540.6580935973755,347.2959581624282
699.564046761832,1402.0206210575975,1091.408333999887,1240.0429128276994,1188.2048364093275,1226.350281282581
704.125151463501,1856.5123664718492,1449.1276764710465,1448.2822531354543,1735.0904497787733,1593.7838855383675
708.679337689982,2250.6477641833944,1679.7939220640646,1871.701067666556,2013.692941352404,1706.2385672112212
713.22661703964,2464.7312087681853,2132.635649693078,2287.925917609853,2479.0379076568024,2427.4123210878956
717.767001097078,2252.761682320244,2177.8370178393825,2266.3314450751736,2526.236169282294,2207.6315358387683
722.300501433285,1657.23577011672,1485.2032452096971,1894.9840717486368,1807.5844396541083,1791.4401004933288
726.827129605783,1046.5167383938128,815.5687697775334,1051.525572614539,1197.0784441321064,902.4159068866871
731.34689715877,872.2208164656307,552.7093198489159,694.3729816648798,954.0413722195176,603.922689770621
735.859815623244,1057.7022815049681,496.12174249857753,600.1976629719018,841.2300584875587,643.6815779110964
740.365896517156,1162.4153205586272,653.2924369260307,897.381511865172,972.2616527735033,1136.3126302581852
744.865151345544,1209.0793493310166,936.2914192090925,1123.9010776126274,1244.3003456401125,1125.9210672593354
749.357591600676,1017.1481285352795,685.4773335104912,1053.7625746297365,1074.901181872725,712.060188704678
753.843228762184,452.7149853097931,120.30714599994815,490.998272167383,475.2829815072864,131.62878523427503
758.322074297195,145.85260138943232,70.32711323442726,30.885625715559854,153.72965660298928,105.01415476070144
762.794139660487,-50.081180587109756,-84.94704955202656,291.594703079963,-3.8206796628827533,70.05481785341397
767.2594362946,-73.01413009175089,-286.2306767193457,-22.399304287476355,14.078010619450652,-314.0713702191439
771.717975629996,403.5392236322821,169.73708656155662,271.7439658295129,379.1891470849197,277.05078679808327
776.169769085182,431.6403726046448,304.511800232124,224.52205305859746,257.4812630886185,153.2988106729993
780.614828066839,130.6534739799618,-7.306622702381475,-124.75629351995389,-30.895552642451833,211.3209385219765
785.05316396998,48.8273188340438,-62.887743964447125,96.45503409025048,137.16905610902342,-79.90487121381668
789.484788178057,-2.554573925704535,61.02883226343042,-17.181985645110387,210.60778242568375,-87.56909018837409
793.909712063116,400.51645683568984,490.0423591679579,322.2820583913362,395.6043170062154,286.6647311973313
798.32794698591,1101.3100033381181,951.4754245978277,1020.7158799117394,960.9764087227479,794.6424354023434
802.739504296052,1599.6043938421844,1327.5988411108644,1493.3447398456726,1523.3253734363489,1478.3811576485339
807.144395332138,2016.2167750944614,1992.0120700274467,1905.8894666715346,1983.9650393882089,1969.3690372805456
811.542631421878,2299.586839114362,2382.489855174277,2279.1185313243036,2227.3427964314405,2235.9046192067203
815.934223882232,2160.753754353203,2102.6386790575766,2072.428404120767,2081.6334101443954,2198.2997115159123
820.31918401953,1791.5379139083882,1810.0013903985382,1657.418196187723,1779.4923236048198,1845.298220119595
824.697523129624,1560.8403571453994,1726.8158659794733,1573.6463312364363,1546.7273547410994,1657.5203930174005
829.069252497993,1145.8242885007744,1271.4636864091226,1388.8313250717647,1152.9041386361378,1216.4282974823418
833.43438339989,595.7729794837684,550.5137991458455,517.5160505241709,658.8317688287501,752.1136177139891
837.792927100469,365.8034714539783,342.20102617140395,314.6729376631155,429.3563400787653,411.16473749685736
842.14489485491,225.09153035420573,305.9218904791057,293.09775728910415,232.40568381380896,457.1582442971591
846.490297908544,27.111552310972424,-8.758878229568126,-102.75477995712308,-10.025236966626267,-37.61878854012224
850.829147496994,-21.046952145277714,74.23628947181112,71.97187552542003,19.043107274355226,58.72925613325079
855.161454846289,72.87013372544305,300.497498779079,98.4784461856755,64.7941629791884,54.2648868832254
859.487231173005,34.4025097562048,50.160736718681406,38.8240177680107,-16.38375627050128,116.80401176599744
863.806487684371,36.54877822568024,-42.96659311844468,-15.512396425451918,57.85783976600113,24.066400736062967
868.119235578417,431.6279770880126,258.44222719880804,208.9905746599771,287.97022648893096,451.04513766725745
872.425486044092,651.9407910536603,486.6630507106325,447.9127320033465,541.936150982803,557.2104343498014
876.725250261385,337.7567937789761,382.5135994181162,416.10648173536197,551.2411677119876,592.1063252491034
881.018539401459,170.6449245533073,119.58556000511504,96.43868177043254,319.7515255483137,480.8500230221836
885.305364626767,391.61545638609425,134.30498852941838,293.18469346984784,336.0874602457158,497.82976341345517
889.585737091185,291.2724778942687,122.00317857634806,443.1047059479849,345.71763509040017,374.85806986314185
893.859667940127,-111.42501686185534,-277.119175985684,-132.63733743864555,-18.880058927885727,-114.14481876809018
898.127168310677,-47.819386045077124,-430.3989231422572,-68.94788725928234,-132.50235415552976,-194.69039263742735
902.388249331707,380.2147026009808,93.23239419198522,565.2461683584585,248.00304647080748,448.8494878367051
906.642922124003,770.275828865224,664.0515795765074,1021.2900448623642,730.2712250572446,856.2332064060612
910.891197800389,988.4322875755519,593.5524190120873,1047.0218632889732,1091.6078222376564,957.7970904489375
915.133087465836,1207.7324204595266,523.8601038436566,1145.6197131280292,1416.6489614841594,1097.5913251158072
919.368602217606,1690.4097292372107,992.1455681880584,1720.895030674888,1776.1422409507102,1344.855709824808
923.597753145354,1842.0699119204003,1099.057915704641,2043.18563719231,1724.3102475363785,1576.1827238814944
927.820551331259,1697.3669113961444,885.34891319718,1824.2738359669142,1537.9672950999613,728.5833279233648
932.037007850138,1931.1294808803625,981.3078641231033,2224.355703938418,1906.4626663035629,1384.6055461366145
936.247133769581,2174.8522226438936,1098.2040939641697,2300.0486177030284,2399.3783675309596,1164.938872712046
940.450940150044,2314.0115277470463,1313.2901154629103,2688.8264130369207,2570.0564498878725,1570.6567265854787
944.648438045002,2438.141971303573,1405.9027634608472,2936.5832985665834,2429.599463353813,1657.6826273686272
948.839638501038,2288.278510406972,1061.7614309516823,2446.7342873620173,2242.40918244419,1186.9318436016038
953.024552557976,2086.260655346231,850.3905982239608,2565.424585803162,2265.669188711713,1442.3760988393778
957.203191249007,2052.462737806119,908.9044162011567,2363.052688162874,2305.0954229173594,1177.0254713586132
961.375565600785,2054.64021297304,950.1956772800665,2533.858884791193,2245.912228165749,1313.5815544781108
965.541686633571,1783.6083857986873,741.9366716364768,2488.645992698926,1979.68323223545,792.9316335318172
969.701565361323,1521.6588207597165,382.2765314022836,2127.7376879516623,1697.6966931174775,659.2616729463193
973.855212791839,1612.527263869386,170.31122321972634,2085.142709694369,1653.897491514544,523.0439983293086
978.002639926852,1443.8495394667088,47.31073616526828,1839.9040372138795,1464.3989132680126,360.3795132840751
982.143857762165,1132.0932866143517,151.71171612571925,1656.997138413119,1269.0814186743714,-2.6442407152167107
986.278877287752,1141.6089333972477,150.86812110230903,1807.7542298631047,1193.372437253323,142.69875439032649
990.407709487881,1194.9497399389759,-98.61830532344902,1304.5415085357363,926.7278476562719,117.4923652280736
994.53036534123,1551.2359390909844,312.3428387157769,1548.501953844327,1112.3531805247962,132.33255432441274
998.646855820994,2735.9564627386326,1453.8216329582206,2651.641094815152,2166.048855811452,1419.4727549906202
1002.75719189501,4777.790799961775,3403.304967484058,3982.909667185732,3926.0811667845423,2939.0966008563637
1006.86138452586,6243.297199587483,5397.6787181257305,6258.7234163288485,5720.297188517281,5205.583655998856
1010.95944467101,5274.599593642752,4972.538394275476,5758.128929969434,5506.469134396331,4718.425302962247
1015.05138328288,2800.3268728121056,2662.5610212733554,3307.7937261421175,3172.4533012609327,2431.0243201076655
1019.13721130899,1073.7499320114,975.516575588457,1566.1476373340433,1237.049013195333,927.1011866366898
1023.21693969209,439.52743190014235,218.662802801736,535.7005596540589,454.44971901613917,-15.808247806101463
1027.2905793702,52.96373267187187,-199.02335474957067,32.979900130288115,19.84274935437952,-166.29107646837565
1031.3581412768,164.9954363717154,-234.95904661413192,-54.99092793100317,34.922468037595536,-146.12147525801447
1035.41963634092,683.8965090905683,96.42948636111669,290.0333723316762,363.5016038345784,-19.695799641222948
1039.47507548723,825.9349268125827,498.4114824513463,570.5596347794299,595.2197683400627,475.80196302975673
1043.52446963617,1405.4598337640311,1053.8188314887957,812.7070359599902,1132.296597537279,923.959160090878
1047.56782970403,2347.648541131487,1673.9232376197492,1634.0643022231152,1950.7502594035586,1900.533492025167
1051.60516660314,3489.488163505952,2702.5023806369722,2413.3791518192565,3078.8917506559555,2743.209810498127
1055.63649124187,5389.318935997123,4466.315270627632,4025.230642204261,4578.978679678189,4058.6538913933373
1059.66181452483,8419.597264855587,6938.112724145201,6690.875544755983,6985.8835928411445,6894.2402610133495
1063.68114735294,15127.65410229394,12269.783909687847,11774.147091330415,12608.357636386643,11616.942123479495
1067.69450062355,23021.35616589565,19858.987406864373,19655.31001746213,19773.809731338606,19408.83632715888
1071.70188523054,26106.15053730304,24497.141220888116,22761.540812234773,23654.040983626106,23065.175552747867
1075.70331206442,25574.25171638703,24444.506825107856,23191.828622343637,23557.06693997414,23327.785365210948
1079.69879201248,25585.170644731676,23673.340591390155,22313.455635732822,22848.860396406948,22647.5299354484
1083.68833595885,26073.60672971409,24661.01284445436,23062.63632627363,24246.31238805547,23045.276589955014
1087.67195478464,21488.56328286528,21508.692915654538,21785.920891799953,22295.4239178802,21511.1787523415
1091.64965936803,12072.96761386192,12021.313319661842,11615.61391410667,13456.543420204855,11503.10200621345
1095.62146058439,5923.729225406728,4722.530997181559,5138.31733841396,6133.58609570592,5206.492143803559
1099.58736930637,3768.180815957794,2162.3490700216335,2415.781452267298,3737.886150893226,1880.6574556131627
1103.54739640402,2686.875951198238,762.022443531831,869.6431607479799,2472.168521360355,538.8361401924649
1107.5015527449,2458.7462281474964,72.00580482970281,695.4397159201926,1876.2121371197945,113.14279467445704
1111.44984919419,2352.9033735006315,-117.32743120480518,85.16492018185454,1860.5149013859473,-208.826803043783
1115.39229661475,2838.5462184780054,122.21479504074432,836.4625629603406,2187.789219340313,160.14653882856328
1119.32890586729,4582.30481904634,1261.5922971815799,1732.109458050153,3426.7475016816516,1109.41670756862
1123.25968781045,6915.059800324814,3033.591981284116,3721.861678902639,5181.203640039295,2740.212577813347
1127.18465330088,10286.784085202078,5764.371357095029,6670.0628433652755,7797.089120854371,5525.676693285626
1131.10381319339,16753.120429385363,11305.178711731194,11696.022677782608,13497.78343704351,10435.501143992866
1135.01717834101,23509.83816852812,18326.04552242331,18857.343099050857,20303.65221245063,17194.866530124797
1138.92475959512,26040.050850583975,22192.897988855046,22019.27021995223,23244.351192295857,21026.369674200665
1142.82656780556,26155.337276688922,22790.323163041532,22496.901858115976,23842.489474441845,21038.901178709173
1146.72261382071,23743.379129350007,20743.13856806602,21912.423113155455,23161.303568368654,21090.573365043103
1150.61290848762,18270.229880197367,15491.43191829756,16685.341641566298,18813.461576029586,15262.89855092205
1154.49746265207,14413.25718156477,10826.126889738594,12339.980590981644,14078.498265509337,10952.263754522446
1158.37628715874,13216.92781254417,9025.632698811716,10386.704189169239,12076.721691475803,8460.9807719929
1162.24939285125,13488.635271317495,8984.79286690885,10155.480129074374,11741.80885271749,8113.387912862869
1166.11679057228,15093.56586037768,10248.618438272673,11783.258817684964,12719.967071995983,9469.074349361774
1169.97849116371,16113.125027133401,11417.725351983754,12648.879848145325,14054.707728500223,10433.088868414434
1173.83450546665,15665.499595792468,11210.245568164024,12807.147709744644,14028.152992931124,10504.909369409583
1177.68484432161,14856.911022210445,10463.192427695809,11919.024929674599,13234.818765094344,9750.906557036758
1181.52951856857,14470.127045501205,10291.457665735397,11946.096865281846,13227.593265838092,9819.418547327701
1185.36853904707,13686.46211166301,9842.032065109415,11643.4375370514,12815.893017437164,9285.778714416181
1189.20191659634,11523.697970241006,7810.863509563193,9615.903276490113,10683.103278297334,7390.3364101380175
1193.02966205537,8588.595579312683,5084.999534721141,7145.449858727552,8251.080113825501,5047.241601103102
1196.85178626303,6017.352119123179,2883.9870414383763,4652.331449577627,6147.298074754292,2806.198675065878
1200.66830005817,4449.956515622684,1207.2418685268167,3222.113909325233,4110.3617510633585,1342.2305468544982
1204.47921427972,3630.764418986307,329.379985240741,2171.2008161597787,3040.2702099785392,285.94172401583273
1208.28453976677,3124.5430741104733,133.45585764472844,2010.2330920710729,2964.225052765335,-55.31949582453308
1212.08428735869,3062.8379489560957,-14.749657535662209,1927.5859892710314,2926.6210050508207,168.10200529421672
1215.87846789522,3389.0707916418646,347.7209631250553,1942.360746543558,2944.6563108361433,40.81818790376383
1219.66709221657,3385.031344579107,730.8206225535719,2350.995565001108,2907.7060991474464,1035.0800444165525
1223.45017116353,2946.164142750835,243.65718564267127,1805.6906143809074,2586.4901847713054,-5.295079120374794
1227.22771557754,2753.401970725312,79.14635064871254,1858.934217129996,2539.23326884413,363.5925034555912
1230.99973630081,2529.9592730204813,364.0572566211531,1593.0943776817576,2462.9407629645375,235.69472100366147
1234.76624417643,2059.3980174364897,163.93306131903773,1361.0724797503253,2016.1011657221852,161.87710400677497
1238.52725004843,1703.2359100847798,-53.70377322930449,1309.7296398014532,1639.1861025795124,105.82985771949825
1242.2827647619,1431.8045522114385,-103.09816634254548,644.5868301535556,1315.9654454157262,-114.18815565080695
1246.0327991631,1391.8081353329403,-124.92321829138336,702.8756887871232,1147.8025759124157,-35.99737336957878
1249.77736409951,1360.295627498691,56.905190052887974,882.0268611911742,1199.111975501056,58.66973056009738
1253.51647042001,1129.45630138444,129.80287999101802,883.0474510854601,1136.3826861423759,214.43316738001158
1257.25012897487,1084.9967159429928,28.976647262840743,820.6366636725224,907.3990759548769,13.840347814328197
1260.97835061592,1021.4738436147278,67.19809886711948,685.7293628198149,671.5608181290545,312.0930739652158
1264.70114619665,693.7744019541597,118.16501545004803,412.7999903707241,531.4156932081296,-95.83088986474286
1268.41852657223,349.89233475106784,-25.067477671506936,50.044875993692585,343.2642670473724,116.37614877166197
1272.13050259971,31.933334403807265,-299.66842394773573,-112.6801991499351,39.6639083605005,-366.0694649984662
1275.83708513802,-67.24976223991341,-336.3455260506779,-178.01645375790213,-66.75042319512977,-76.28188093710742
1279.53828504814,216.92360868584942,-25.14422401243769,70.34675729705486,137.4868196619227,-142.42639386346855
1283.23411319314,407.13535692778726,62.82797820982762,274.35169676849,328.7419180678444,57.271858658843485
1286.9245804383,347.0434868956158,-132.1943006588973,28.530528918521668,253.30668450760822,39.77919209547508
1290.6096976512,495.9182096552166,-47.79922880451477,92.21855248210886,234.4714627840458,-77.43749490789196
1294.28947570181,1077.8698497548398,452.58187258438693,838.5374974688275,832.7925835840342,536.9421682197426
1297.9639254626,1774.0824896522731,1009.4601768859372,1543.3694872540364,1645.0449155416245,1205.0709772095106
1301.63305780862,2055.067585923263,1128.120739236026,1660.8933026776067,1777.434104745911,1133.6650338408217
1305.29688361757,2079.1212052818655,1011.2116402616314,1750.167014131457,1741.4293417071167,1301.9789157379255
1308.95541376995,2140.0407054184525,1038.0473721518529,1900.8740938543106,2115.5557135734525,1210.9269502253028
1312.60865914909,1767.081055124235,628.9645342663962,1794.489652322367,1867.2713442342429,1116.2341159122752
1316.2566306413,1294.6113116024137,12.254976087823707,1276.1210422072909,1199.5362566136828,503.10864565877455
1319.89933913592,1539.286298436713,117.82073487767502,1357.798569943745,1465.04639496856,646.7830987055349
1323.53679552544,1738.4814045946923,306.1189994266674,1678.630722112739,1873.297184462057,642.9917846915632
1327.16901070555,1578.935240061434,129.0578027588126,1544.264008025626,1779.5160732331078,268.77183548605717
1330.79599557529,1792.661447891872,42.27814947828983,1923.8620781569043,1909.4192451098152,633.3581393985496
1334.4177610371,1888.1616896476946,-38.18835352238921,1672.6913919624913,1950.9068123957732,72.34667914771853
1338.03431799694,1713.7118259531387,-54.41053738498749,1400.7305858508425,1804.9790672352956,271.388600137936
1341.64567736434,1866.4731684187072,-16.161909250444296,1887.6171806076854,1934.7387508711236,-81.24901034303912
1345.25185005254,2016.5674772503226,49.78322725719727,1991.7601498775966,2065.104507556689,20.045011099537078
1348.85284697853,1902.5770771354703,169.5637905894646,1997.2038691787766,1993.1328686155812,88.21971254400705
1352.44867906319,1831.195591985661,28.50959521095274,1774.4089768439972,1879.8955806281683,24.881642358830504
1356.03935723136,2008.400657134288,34.92224427440078,1732.8550894528562,1975.5531528060455,70.67433439689557
1359.62489241191,2120.218629042762,362.6699345341158,2124.4461893359967,2092.1146316650847,279.6876249799625
1363.20529553785,1938.1530344786984,483.09282454032973,1756.2087409796404,2047.3946404037997,71.90790758968433
1366.78057754642,2064.9485109615957,572.0947985574603,2008.8726814952533,2329.534976452147,153.7885303665862
1370.3507493792,2491.9587871847634,901.0654993341541,2676.365553343867,2704.850147313955,695.7693736342753
1373.91582198213,2914.151823721284,1429.9823034943902,2772.0454947337603,2915.407680663797,1344.1453478348267
1377.47580630568,4142.920555523444,2440.5786634862216,3755.3536177527385,3761.8009086946295,2340.143745591231
1381.0307133049,6341.532859665564,4251.306982693195,5226.62500443643,5457.41070480674,3868.9875975648793
1384.5805539395,9032.375588910209,6831.762771940987,7404.90461338477,7860.604869484607,6350.52961102138
1388.12533917395,11689.069718611827,9627.787293044335,10328.745050696158,10596.512357613681,9292.620665880784
1391.66507997758,12090.332066640805,10793.909745733017,11532.961599363733,11648.85210718396,10987.4272748161
1395.19978732466,9297.226993174383,8984.28970399238,9764.414577779777,9858.96383853706,9328.348271432467
1398.72947219447,5633.938485286411,5740.94782886647,6456.147028222467,6678.896769774921,6004.738666526078
1402.25414557141,2599.1996984421367,2826.175089014777,3256.6564548304304,3534.5084224105212,3032.472539206243
1405.77381844509,673.7526540419653,815.7127817063733,1250.5560455295235,1349.577053107465,938.7673089078016
1409.28850181038,55.60802622711117,-38.03631717047256,321.37891937052336,401.0077305724517,53.09396282278976
1412.79820666756,-57.16013799213488,-193.59494480368176,2.6903704964261124,6.573729486113734,-298.1815873866035
1416.30294402234,893.1978277481348,659.6896945493918,812.2359584782698,537.7715782064461,609.0476268925104
1419.802724886,3299.45539802151,2793.8226657150503,2627.9724719134556,2330.6621745568264,2555.2715155142105
1423.29756027544,6206.336128914273,5459.666077665939,5054.203376582898,4953.5618116975475,4870.49390442243
1426.78746121329,9800.669190772729,8807.702914603396,8563.298153033194,8573.21038568965,8596.016775255295
1430.27243872799,13433.18919215499,12454.292056550104,12345.497374594366,12343.517715138558,12270.636935652194
1433.75250385385,15079.427196971652,14775.407670129302,14587.199457261278,14553.614084111952,14527.873212006447
1437.22766763118,14414.847219328047,14912.902673694622,14790.529558583969,14682.995179643905,15054.47926878316
1440.69794110635,12409.433854359144,13140.43787251088,12979.922871474588,13195.570934083684,13559.661482634168
1444.16333533188,9505.26962174012,10352.445861931423,10411.021319036632,10709.8334823881,11133.021750002947
1447.62386136651,6310.385863261997,7418.268346950092,7517.843694941477,7728.376771217367,8055.604004052504
1451.07953027533,3826.0568372776215,4829.950361434018,4866.908268194562,4904.2834445045355,5382.263431510713
1454.5303531298,2046.5526387843956,2658.4180850170214,3137.986830338292,2757.5587176145855,3279.724989183773
1457.97634100789,910.162194160599,1221.3341503462316,1551.3471777789837,1470.8694065194468,1760.80160153438
1461.41750499413,651.3376375166317,798.1730994644431,1056.1871651825604,944.0988964568278,1131.4503529505819
1464.85385617972,642.3956402820377,771.9179035186799,984.969206723501,733.8750004673766,1065.4319275552734
1468.28540566259,750.2567466528035,914.1687365125063,1038.5840423759382,859.6892474669985,1086.607544991828
1471.7121645475,1053.9748669749833,1116.051736196393,1542.280379342017,1219.1265990658922,1541.7486222349544
1475.13414394613,918.2076443282185,939.4771941175895,1328.3476901837203,1214.34073019045,1466.0253952229014
1478.55135497713,552.7352353416918,696.8065853263515,910.6118447271219,979.8795192424222,1229.3446007077418
1481.96380876624,321.71400828884634,437.9467438545407,632.8808335051017,658.0479761458628,554.9339215364926
1485.37151644636,16.488568032445073,59.45060522496897,467.22714243868904,191.77735515679888,84.81173940675399
1488.77448915761,82.42798961682001,39.98866664661273,375.08201062515946,109.5359991232508,-117.23601071256235
1492.17273804746,418.41814471280577,181.76775171141708,499.3998134451758,265.4927158437167,356.881148767834
1495.56627427079,193.8491334236087,37.37085674552418,304.24630709152007,62.324995692841185,329.9716870102093
1498.95510898993,-59.02377823461666,-125.52401983445634,33.65023640506661,-81.21770589844346,-55.415212403107944
1502.33925337483,170.37524850037153,-101.82266224135856,299.41373461007606,55.80754121468635,96.56496758695721
1505.71871860307,389.19262085695937,17.52225485222243,438.9874693763395,141.59378648122947,75.24956363214005
1509.09351585995,689.2021919731469,363.43920694736335,710.4481844369893,457.1234582296929,583.3799530502256
1512.46365633861,1120.6980520245288,809.9922308747737,1109.8091407161992,898.723510503025,880.1909995183487
1515.82915124009,1304.9572816732625,899.9910442662003,1291.4132558923284,1037.9806935504894,1024.8170113275683
1519.19001177338,1523.4241999804944,1115.3496577526976,1432.605950754847,1390.6593344492721,1018.9472772232621
1522.54624915557,1977.916963708578,1657.6547523771515,2062.6575073302065,1898.8052665544328,1711.1048103678659
1525.89787461186,2286.1494215753773,1797.8565855040652,2277.789098850013,1997.577614431064,1428.1183086875262
1529.2448993757,3079.5688615762365,2382.2554944134527,2610.0261047744116,2552.165378695572,2054.2695128614123
1532.5873346888,4576.813028094155,3803.8557471701315,4051.781175998127,3787.539865725187,3498.7066136942813
1535.9251918013,5668.026797977469,4827.4978278815015,5102.7197380569905,4751.9176183076015,4314.53465103085
1539.25848197178,6823.859663141003,5867.884235884374,6211.597957243942,5845.394204663638,5408.117281969877
1542.58721646737,8330.142774510645,7237.916027053954,7447.110823855626,7171.4050056604065,6310.921293236524
1545.91140656381,9409.071694758273,8205.746808631233,8620.910805156178,8118.853592162776,7191.757772137535
1549.23106354556,10741.916769004789,9399.851831133401,10029.462098226428,9377.946035687275,8713.848186513613
1552.54619870586,12312.798442289106,11031.80318446461,11185.809088102164,10889.996504859928,10026.037862774107
1555.85682334679,13156.020600989326,12040.014066141406,12154.88738219365,11761.775934217927,11097.931739644999
1559.1629487794,13763.44778091603,12625.801309696373,12960.813824274905,12615.063144374677,11882.969678161218
1562.46458632374,14659.011356366595,13648.619302095167,14164.323055046229,13914.402901498699,13080.186036747902
1565.76174730898,15496.523857558908,14738.239427317742,15245.255637974333,15018.356178470647,14455.96761681098
1569.05444307344,16328.172401315422,15644.53471297704,16024.759959667019,15899.750577302444,15270.822962162067
1572.34268496471,17062.349383104945,16385.667474908765,16835.409407333587,16774.879920875715,16105.648183074136
1575.62648433972,17362.351772117934,16807.795903617483,17232.56843360566,17443.987742140453,16707.85239731986
1578.9058525648,17590.170933119065,17248.936840325227,17523.912517611323,17804.56836720096,17196.82979177125
1582.18080101577,17567.801644594205,17212.18834664687,17581.865008378576,17628.758252628577,17049.282378769174
1585.45134107804,17011.819582170625,16662.140254958584,17101.290932608783,17162.471614200356,16442.73266742017
1588.71748414662,16355.35535959089,16407.111994692044,16797.698690266785,16693.560863807248,16103.91914254746
1591.9792416263,14985.973785196344,15263.440148425034,15597.86531089574,15398.868725001288,15010.978844721663
1595.23662493162,12450.282869117935,12675.87022092009,12940.982410229131,13103.798981695125,12491.767100067365
1598.48964548702,9610.150333331547,10008.042210632035,10273.950032952362,10485.829750817447,9697.99218324852
1601.73831472689,7245.879502219811,7608.805123271983,7780.046026648857,8005.071481519608,7114.428857589418
1604.98264409566,5637.039236533268,5496.327496825948,6167.579492685689,6099.875949122368,5317.598325280425
1608.22264504785,4423.580284494446,4137.929061015481,4656.712264918002,4742.393653402256,4115.905241447435
1611.45832904817,3584.6187739294137,3558.5380374220604,3713.979085530213,3932.0269026670794,3289.0247169543113
1614.6897075716,3193.3795516319387,3183.881804870273,3413.6057539092276,3520.9478141338013,3168.1952294514263
1617.91679210344,2758.5416654722712,2652.2726716501857,2916.4638368898977,3043.851920918683,2370.1007082735564
1621.1395941394,2496.3708498446013,2393.0717514675566,2927.656622181841,2739.213920180602,2456.495846031029
1624.3581251857,2261.8763761979435,2179.075922977126,2465.7633958669094,2449.032066295403,2016.6576189862121
1627.5723967591,1687.846496389067,1590.2469607123467,1930.2471513593632,1902.4404837526577,1438.602195513227
1630.78242038701,1413.3976868558536,1213.6867108746967,1638.1300114586975,1598.7702560294947,1211.528549920226
1633.98820760753,1285.6779743224827,1009.3977977175198,1408.9024478252015,1326.7264841437634,1179.5078276497602
1637.18976996958,1030.4389165115876,865.7013408147754,1145.5852407248638,1154.423872462311,820.1478707403201
1640.38711903293,1009.971898722827,1050.9012881804026,1231.3358461664911,1411.5070754318074,893.8053337686492
1643.58026636828,746.4179809507152,816.2774851071524,1015.7650557905151,1163.8825125173012,769.5505904299018
1646.76922355734,426.57444669628046,333.3994632374483,605.9137562761864,687.3545296756629,301.68700178150743
1649.95400219293,541.8265828260584,374.2551966568704,714.731984204855,769.1367578669535,588.7716544631858
1653.13461387899,293.70827132448994,171.78982021310168,313.2302526102054,470.1319128009418,122.94557863145405
1656.31107023073,-109.56892130551347,-222.0459957008837,34.14223472089918,-37.319321258591344,-109.9548473880651
1659.48338287466,43.64133194423047,-8.70662209392205,197.9546254121318,152.71399624906394,-143.1617954428715
1662.65156344865,189.18776534642728,164.13901860635727,311.9347972905738,308.15206173259753,145.03082969111347
1665.81562360205,38.55235059018044,-99.40092376202881,-18.47471554356366,10.671665121205592,-107.90991416934708
1668.97557499572,3.0892689467467633,-89.41084739368735,-54.86332151095769,-25.64924525028721,-20.368915286134097
1672.13142930214,156.42501914802094,212.58860949657233,313.8689567243536,288.92146600888714,115.02382959026426
1675.28319820544,75.9353109561568,127.66784057552903,176.87259103248425,317.49086063974886,206.05153952616706
1678.43089340151,-82.78013879042886,-91.68964395882014,-69.54217389322137,122.08328664023799,21.976055102165105
1681.57452659805,52.56264951735133,25.323367552387424,64.60875865978207,110.30312296492033,-7.545240891447406
1684.71410951468,62.30443979794343,28.95395120775497,85.99147437141914,67.02199129373187,-13.248662316111165
1687.84965388294,-48.32464153685973,-93.51545443451688,-16.921956509009036,0.7411791011665372,-79.15835495994398
1690.98117144643,-51.88178452633636,2.4779237154063054,-88.22934512729616,-18.583191543317447,59.34892234345897
1694.10867396086,-71.857606770128,18.083776917280773,-103.86984373031162,-107.2188102284311,-93.34275883582367
1697.23217319411,18.938360055643813,-64.92318459495432,-11.901581881038068,15.383357787179918,-51.36463655802252
1700.35168092631,150.87661267997038,-41.74816277031405,26.550614812120994,151.52591994397292,-109.6343464145091
1703.46720894991,221.99078503258522,44.352604441600946,226.00428602462154,102.58340989649926,-10.822823614685262
1706.57876906976,331.8222203798767,235.4519719092029,231.75476934360032,273.6395717813376,142.5442525402699
1709.68637310317,363.9984201602862,248.76749437829568,169.12863925242684,375.5833955791973,231.4868922351957
1712.79003287998,246.51994560826603,29.609514977579053,33.15789996154672,179.1445177650066,29.992963050316376
1715.88976024265,238.78602781525848,36.09914692988056,42.579043172648,190.7927597748358,-0.10570843687565912
1718.98556704628,374.3618627397652,149.16480531403718,205.7059428509508,325.2403613323857,261.4878416886074
1722.07746515876,309.6041408944026,102.83303907405697,93.81770705741974,237.2215678028833,113.14279619463592
1725.16546646076,50.86306083004587,-88.50773200043722,-21.105999900128893,40.25813705555834,86.16509370131035
1728.24958284586,-55.17539407566335,-218.5963048864324,-46.35411429439607,-71.23391276678367,-181.30204243163115
1731.32982622057,118.97461671299094,0.3516287340839632,7.991323421380649,66.39018455641563,85.56818543348041
1734.40620850444,169.17969498623586,110.41782708304729,101.04170098753288,178.24172297190015,40.666649327830754
1737.47874163012,-32.21236221052206,-73.12811226892882,-68.53578245839698,18.34856983219375,-81.20717411432314
1740.5474375434,84.20341362949047,34.6164327758897,36.74775441269169,70.70718741855889,-3.088035057012579
1743.61230820332,329.0108391844528,223.73494887408557,406.91854432450015,249.40389213790914,206.90867899797783
1746.67336558223,191.80454285516737,106.4259410244872,158.07014646363928,111.97224108893296,60.95809748033149
1749.73062166581,20.728102769055297,-35.428471613870244,28.371632596833493,6.8187695588692065,104.3097053585738
1752.78408845321,40.1255195752463,-16.224993111174445,-6.733477869489448,28.62928082354364,-19.798209365719863
1755.83377795708,58.898534303729505,86.55244108444373,0.6823295404917928,49.47520806092372,-26.236147807970198
1758.87970220363,47.10080786234684,115.35568478419918,3.3360656926075904,151.57584351126556,87.40167858209003
1761.92187323273,46.10899174640832,43.733951232278315,-10.113346705876424,96.18378263040383,20.223375407050654
1764.96030309795,-97.74405639059361,-134.32727900788367,-4.701919690825008,-115.61525594898927,-101.38676112671754
1767.99500386662,-188.85148618378784,-251.9972681263286,-126.81621018183003,-103.51870351084014,-381.83443972400704
1771.02598761996,133.0954483351384,-9.366044953731382,142.16526261706488,144.79330022175748,139.2813693364025
1774.05326645304,286.3773056084956,81.2533300754844,261.89730828670776,156.50244286593013,88.38185504134907
1777.07685247494,38.130048091022644,-152.12964535882242,27.34385857029821,-49.84994336258818,-165.14027302709894
1780.0967578088,47.11897962835775,-47.70612128876769,-0.6637989214010531,53.58959897093544,-34.5335634898319
1783.11299459184,246.2190881175925,113.53517345310516,218.12897596523723,214.030720664072,96.85218551968345
1786.12557497547,338.960594467522,89.27291557972765,216.1145864775358,194.69232119262773,47.685652280355804
1789.13451112534,337.14147324003153,88.24538473810546,186.61844136774812,192.15190220121187,155.1796828240488
1792.13981522142,227.58228741669816,-151.75711906495866,1.3130344248302492,53.06583482395409,-54.9059604875649
1795.14149945803,273.2090104387919,-183.0499741858857,54.028169234481425,55.39567360010102,-39.34250260306547
1798.13957604396,434.9347739702023,138.69909404721764,373.3444760649389,351.6637416260171,210.64791543382765
1801.1340572025,414.86733370128377,154.70650460289437,296.25585462441643,443.14639582261975,257.5648744077254
1804.12495517148,320.3800310247399,100.86597396820724,333.8913365399246,313.4502606663966,162.77056754579468
1807.1122822034,292.21387540289516,148.0511340334348,284.1291109707834,240.80486959416191,41.48661254353163
1810.09605056545,317.1346816428054,99.13621888349373,197.23123761374066,254.76937389178593,47.07429006973962
1813.07627253959,173.29800901337995,-39.10956874526764,190.1437395329783,124.58438682159581,48.400577442686384
1816.05296042259,-49.5215933292929,-206.60862621083268,-23.08512014729564,-82.91193532728734,-188.06747058500488
1819.02612652614,-23.088377765385246,-141.99816843628255,-59.781848147467414,-37.70164583228312,-96.2882997543089
1821.99578317688,-9.760303453652611,-7.819401750403479,-3.0248928631348306,35.286556913188704,15.422680580735157
1824.96194271646,1.2428975398112385,-27.70925073160018,32.30430221276691,62.686194457589764,-150.1483167330964
1827.92461750162,123.2275681282566,-62.4804743663906,73.07534062875177,161.75516085207587,118.24580596164249
1830.88381990425,107.9256632311978,-25.824520369705965,-16.026239767085748,156.63372433492358,-14.622250738359254
1833.83956231147,62.85685926921194,43.94366766873906,-1.142077506714496,107.67205927106366,-4.357071587337594
1836.79185712564,62.71071241193043,17.67164401823532,-54.06361707833545,138.24863902727162,-61.234687095174294
1839.74071676449,152.14217050470833,46.70106782134714,-4.991227425106111,234.47172326587489,22.4587994728459
1842.68615366112,141.15971675589606,71.86539600239504,138.76268031733872,165.77107426161368,105.45624985938986
1845.62818026413,-62.789781698000205,-24.758002062644376,-15.29530406111937,24.041728864914518,-92.68836079127202
1848.5668090376,46.25003918720944,45.29529798262101,22.20600939514563,226.14477415540577,143.0305255430717
1851.50205246124,128.09863578052494,56.732490075000484,191.3683599316473,263.70807395860726,139.9562178362281
1854.43392303037,-86.11915519692052,-110.27921723699532,55.933868943318956,-21.722185339294654,-150.83108980309663
1857.36243325606,56.60700287469305,39.705251497056146,44.306603940047154,159.1882755039244,-60.89878044587266
1860.28759566511,286.6626992220428,307.407855439259,194.98605777126576,446.25630624660755,305.9526849751783
1863.20942280019,83.97082512941829,117.27755490023566,213.80835120865638,202.10112500615332,93.73021362772899
1866.12792721984,-37.819176424719025,-79.0251356980028,39.39516813168669,51.929821333012384,85.09388595858486
1869.04312149855,76.13026317729171,53.32955005253726,97.51475231351976,166.07511720341068,13.016942148868218
1871.95501822685,-78.90680386410409,-90.5070906654136,-40.117202097563,-23.52508270590957,-63.7400479774783
1874.86363001132,-162.82235605771407,-214.1920576672266,-245.26951487310703,-63.55250220706398,-275.6006571258588
1877.7689694747,64.07786902139219,31.499433997945403,154.86008762541076,293.2485807787702,-18.232415278598584
1880.67104925589,22.053578390047214,36.17267333264883,-19.998775661099444,192.04719441597223,6.64634901199495
1883.56988201009,-38.90129162921683,-21.440550130868985,2.885852608339441,-74.65727842315702,-2.2287531582496847
1886.46548040877,142.48914993585169,93.31216425963987,144.80942697757285,141.61692287753598,59.80731930403776
1889.35785713981,75.21245362963086,71.03556144153524,68.29605772170973,210.05732938168615,92.54859286640075
1892.24702490748,-64.94863223909157,48.52693757514572,49.265895440735406,66.70263771237532,127.65192012473656
1895.13299643259,74.48987585009114,52.2245685573441,8.28228749641966,114.90340602922949,18.72673586837277
1898.01578445248,64.403272941473,-90.24884675504708,211.6593426658338,65.64572568261967,10.261863860657066
1900.89540172107,-123.38442452390824,-138.37852563874398,-94.65516750611565,-36.08731247564448,-244.2092883798697
1903.77186100899,-4.1142225287918635,-4.2695897669413725,23.70476085347634,-51.48521595195316,70.65788213605349
1906.64517510357,114.39010319678997,23.94876362566656,146.44282333893403,-63.02959271933205,198.00697200665445
1909.51535680893,36.41813783093278,40.966117540028506,101.55151529100225,60.0679452963283,-31.35127408370209
1912.38241894602,12.675697071238579,73.78040106994187,145.7443058394364,75.988922502541,142.6156119365188
1915.24637435269,-3.719344440105539,18.20830214878057,-85.16750264835163,-14.555569600373339,-22.1738163258075
1918.10723588376,33.218227605607325,82.99331319713878,81.74081500608834,65.64800917057636,10.662391039097152
1920.96501641103,61.86778079607725,72.51475261122204,154.35299556953711,74.07553927414541,118.93928212651215
1923.8197288234,52.074881082247835,-66.56900179964977,63.18048300195743,29.97383685878865,-109.99291834625667
1926.67138602686,-48.289316306002995,-76.22113693026768,-99.78166728630993,-53.03964894293148,38.93154060600034
1929.52000094461,-152.98585678202406,-64.49130274468065,-130.4668864376976,-166.8637772229019,-178.15693628937638
1932.36558651706,23.547236459732996,-58.808561015882084,37.165073664312075,-22.629663364449428,-8.796325091330026
1935.20815570193,33.49057462531853,-87.60597249426388,17.10156621023451,45.2541065597406,70.0665984754808
1938.04772147427,-89.29315377869642,-55.211699154198236,-36.75895420054332,19.484144577171268,-72.22739576085885
1940.88429682654,1.6592577541550906,89.87823255175886,58.48110701835414,135.98886399001634,12.531004379517512
1943.71789476865,35.99058764895199,88.51858618159035,65.45656350028263,105.01587812969035,70.0016681189919
1946.54852832804,261.5980330088943,281.14965828304656,196.95163938530325,303.46229881292714,297.88001477474955
1949.37621054968,458.64409554910804,555.8081292146993,581.519406465579,615.0539319257765,719.0851904231628
1952.2009544962,191.92678306001477,249.97054463434426,235.0910560599918,293.3322863760081,253.8885568806482
1955.02277324787,45.97042019664974,1.1507344340135797,18.776152203100004,-32.2916856108605,-13.235382908872111
1957.8416799027,66.63225150122086,112.77957085179578,192.62461580559145,37.441564245331946,231.60146335215285
1960.65768757648,-41.93254621930712,-28.354175177867035,-47.71373691763983,-4.602347034178628,-57.14230754640885
1963.47080940283,-23.43258392863637,-113.82921620558272,-49.966110678674596,-53.875819581902604,43.544955581153886
1966.28105853328,55.421897531541106,70.89552646587778,25.18449862105593,24.748204594684147,90.93560625076357
1969.08844813725,3.190918707084819,83.82482496136609,77.39387179973835,40.85569992486076,10.493899000853812
1971.8929914022,-58.26169597059701,-105.45062456921656,-52.51455961836511,-11.596967614141867,-74.67954789476599
