Wavelength,AAB_4-ATP^-15M_S1_C1_M1_I3
352.367517,7.485154432
353.5007864,7.49699263
354.6338483,7.895593135
355.7667025,8.680955949
356.8993492,9.85308107
358.0317885,11.4119685
359.1640203,13.35761824
360.2960447,15.69003028
361.4278619,18.40920463
362.5594717,21.51514129
363.6908743,25.00784026
364.8220698,28.88730154
365.9530582,33.15352512
367.0838394,28.53140299
368.2144137,24.59403942
369.344781,22.02758136
370.4749414,21.62000429
371.6048949,24.52310765
372.7346417,32.22076282
373.8641816,46.34510586
374.9935149,68.46628544
376.1226415,99.85507626
377.2515615,141.2912193
378.3802749,193.0792466
379.5087818,255.2318152
380.6370823,327.5217248
381.7651764,409.1499428
382.8930641,498.1106466
384.0207455,590.7245518
385.1482207,681.9466482
386.2754897,766.5948968
387.4025525,840.8211009
388.5294092,902.843669
389.6560599,952.5688304
390.7825045,990.5744942
391.9087433,1017.185799
393.0347761,1032.087398
394.1606031,1034.548296
395.2862243,1024.020841
396.4116397,1000.677392
397.5368495,965.6340543
398.6618536,920.9136598
399.7866521,869.1964446
400.9112451,813.3610158
402.0356326,755.9138056
403.1598146,698.4774037
404.2837913,641.6417383
405.4075626,585.4280437
406.5311287,530.0158012
407.6544895,475.9818326
408.7776451,423.8480552
409.9005955,373.5586155
411.0233409,324.5785986
412.1458813,276.6167754
413.2682166,230.2663322
414.390347,186.9250264
415.5122726,148.0997158
416.6339933,114.7461861
417.7555092,87.08747428
418.8768204,64.7846879
419.9979269,47.14307091
421.1188288,33.28141134
422.239526,22.38839044
423.3600188,14.1094694
424.480307,8.80291254
425.6003909,7.226445335
426.7202703,9.713111979
427.8399454,15.58062626
428.9594163,23.25280991
430.0786829,30.78896938
431.1977453,36.45045511
432.3166036,39.24066442
433.4352578,39.25400061
434.553708,37.48447501
435.6719541,35.06570147
436.7899964,32.4965761
437.9078348,29.51805347
439.0254693,25.71431388
440.1429001,21.22138778
441.2601271,16.87736849
442.3771504,13.6730927
443.4939702,12.00182857
444.6105863,11.38752723
445.7269989,10.86868697
446.843208,9.660539609
447.9592137,7.669017633
449.075016,5.628662645
450.1906149,4.792906035
451.3060106,6.323210769
452.4212031,10.72170761
453.5361923,17.63706254
454.6509785,26.07314858
455.7655615,34.74440204
456.8799415,42.49073332
457.9941186,48.84533167
459.1080926,54.4263526
460.2218639,60.5698985
461.3354322,68.30457128
462.4487978,77.60005114
463.5619607,87.60209889
464.6749208,97.50730978
465.7876783,107.100549
466.9002333,116.4536666
468.0125857,125.2460689
469.1247356,132.5446507
470.236683,137.3480396
471.3484281,139.3846513
472.4599709,139.4214996
473.5713113,138.8205207
474.6824495,138.6854342
475.7933855,139.2376891
476.9041194,139.8708746
478.0146512,139.7353563
479.1249809,138.2886754
480.2351086,135.5218298
481.3450344,132.0054011
482.4547583,128.8625501
483.5642804,127.539578
484.6736006,129.2283244
485.7827192,134.0821241
486.891636,140.7715355
488.0003511,146.883869
489.1088647,149.9953144
490.2171767,148.6671457
491.3252872,142.8418365
492.4331963,133.6483019
493.5409039,122.8802534
494.6484102,112.362667
495.7557152,103.4498624
496.8628189,96.82609799
497.9697215,92.53640043
499.0764228,90.12625604
500.1829231,88.85436392
501.2892223,87.93282849
502.3953205,86.77168785
503.5012177,85.20102691
504.6069141,83.53845113
505.7124095,82.44221997
506.8177042,82.68887149
507.922798,84.96088755
509.0276912,89.56992991
510.1323837,96.137772
511.2368756,103.4646757
512.3411669,109.8275398
513.4452577,113.6862777
514.549148,114.3768086
515.6528379,112.2627542
516.7563274,108.2708811
517.8596166,103.3144043
518.9627055,98.03835683
520.0655942,92.82931549
521.1682827,87.81724236
522.270771,82.86263443
523.3730593,77.62188144
524.4751476,71.71058996
525.5770359,64.98108187
526.6787242,57.78950961
527.7802127,50.9184932
528.8815013,45.00742818
529.9825901,39.92133263
531.0834792,34.71731738
532.1841686,28.33478709
533.2846583,20.47800923
534.3849485,12.03383439
535.4850391,4.660450926
536.5849302,-0.2261573
537.6846219,-2.245080966
538.7841141,-1.882468711
539.883407,0.42783084
540.9825006,4.901190902
542.081395,11.98999622
543.1800901,21.55755507
544.2785861,32.67670026
545.376883,44.16957334
546.4749808,55.19037427
547.5728796,65.39289513
548.6705794,74.7948999
549.7680803,83.63688248
550.8653823,92.42461798
551.9624856,102.0129329
553.05939,113.3624737
554.1560957,126.9425332
555.2526028,142.2735592
556.3489112,158.1179802
557.4450211,173.272301
558.5409324,187.3227543
559.6366452,200.7297021
560.7321596,214.2057413
561.8274756,227.9509089
562.9225933,241.4317686
564.0175127,253.8756766
565.1122338,265.0141502
566.2067567,275.447321
567.3010815,286.2773316
568.3952083,298.1927279
569.4891369,310.6773018
570.5828676,321.9444367
571.6764003,329.6585893
572.769735,332.0410565
573.862872,328.7174954
574.9558111,320.7307259
576.0485525,309.7057268
577.1410961,296.8536905
578.2334421,282.6077341
579.3255905,267.0927856
580.4175413,250.9171745
581.5092945,235.4782436
582.6008503,222.4086572
583.6922087,212.6673293
584.7833697,206.1042143
585.8743334,201.7297121
586.9650998,198.2718421
588.0556689,194.6389033
589.1460409,190.2522741
590.2362157,185.2861855
591.3261934,180.7030083
592.4159741,177.8370359
593.5055578,177.4339357
594.5949445,178.6928588
595.6841344,179.229252
596.7731274,176.2435692
597.8619235,168.1488372
598.950523,155.4485347
600.0389257,140.1042848
601.1271317,123.9272127
602.2151412,107.4805162
603.302954,90.40919577
604.3905704,72.61285735
605.4779902,54.94491509
606.5652137,38.86811927
607.6522407,25.6559739
608.7390715,15.95259232
609.8257059,9.876412655
610.9121442,7.32334939
611.9983862,8.082442037
613.0844321,11.67813481
614.1702819,17.25961331
615.2559356,23.885538
616.3413934,30.97899301
617.4266552,38.31073509
618.5117211,45.39611845
619.5965911,51.08214941
620.6812654,54.0694963
621.7657439,53.99369977
622.8500266,51.9321362
623.9341137,49.74460021
625.0180052,48.75853489
626.1017011,48.84816349
627.1852015,48.67968173
628.2685064,46.9008331
629.3516158,43.17760051
630.4345299,38.24721832
631.5172487,33.28974138
632.5997721,29.46014554
633.6821003,27.74358611
634.7642333,28.64759216
635.8461712,31.71892839
636.927914,35.52875151
638.0094617,38.38480793
639.0908144,39.27886
640.1719721,38.43591085
641.252935,37.16880182
642.3337029,37.04757043
643.4142761,38.84716182
644.4946545,42.10209766
645.5748381,45.63428463
646.6548271,48.46188428
647.7346214,50.22505342
648.8142212,50.98222513
649.8936264,50.90611613
650.9728372,50.23302333
652.0518534,49.27531598
653.1306753,48.28564935
654.2093029,47.3710655
655.2877361,46.67254411
656.3659751,46.60897731
657.4440199,47.83989712
658.5218705,50.83254597
659.599527,55.20628341
660.6769894,59.42671894
661.7542578,61.48614337
662.8313322,60.27715441
663.9082127,56.45577064
664.9848993,52.10219553
666.0613921,49.59264505
667.1376911,50.5022528
668.2137963,55.06308197
669.2897078,62.29220159
670.3654257,70.58238556
671.44095,78.46493238
672.5162808,85.28683164
673.591418,91.47636983
674.6663618,98.17117345
675.7411121,106.3993945
676.8156691,116.3168353
677.8900327,126.9468314
678.9642031,136.6034903
680.0381803,143.8256225
681.1119642,148.2427581
682.1855551,150.784004
683.2589528,153.1623109
684.3321575,156.9533666
685.4051692,162.62669
686.4779879,169.0617747
687.5506137,174.0947433
688.6230467,175.8805772
689.6952868,174.0316672
690.7673342,169.6732927
691.8391889,164.546653
692.9108509,160.0475349
693.9823203,156.8648424
695.053597,155.0870562
696.1246813,154.3835009
697.195573,154.1665964
698.2662724,153.6941522
699.3367793,152.0294937
700.4070938,148.0802557
701.4772161,141.0127136
702.5471461,130.826227
703.6168839,118.4912358
704.6864295,105.4630314
705.755783,92.99635582
706.8249444,81.76720412
707.8939138,71.96504355
708.9626912,63.60981015
710.0312767,56.67081442
711.0996703,50.92000731
712.1678721,45.94473055
713.235882,41.55553828
714.3037002,38.12061072
715.3713267,36.24738288
716.4387615,36.06317277
717.5060047,36.99057877
718.5730564,38.30827568
719.6399165,39.73663044
720.7065851,41.36378875
721.7730624,43.12477535
722.8393482,44.45123263
723.9054427,44.46504913
724.9713459,42.63541277
726.0370578,39.35930134
727.1025786,35.92494763
728.1679082,33.82396118
729.2330466,33.81250105
730.2979941,35.31396939
731.3627504,36.61311573
732.4273159,35.81583566
733.4916904,32.03726607
734.555874,26.04705676
735.6198668,19.8819271
736.6836687,15.72158832
737.74728,14.77995101
738.8107005,16.74441345
739.8739304,19.96179657
740.9369697,22.34225952
741.9998184,22.55177528
743.0624766,20.69029944
744.1249444,17.92649672
745.1872217,15.45906022
746.2493086,13.72912002
747.3112052,12.34641648
748.3729115,10.57025872
749.4344275,8.027715818
750.4957534,5.238856919
751.5568891,3.489397736
752.6178347,4.098442103
753.6785902,7.61755421
754.7391558,13.50411504
755.7995313,20.53630963
756.8597169,27.69042671
757.9197127,34.73654011
758.9795186,42.02692016
760.0391347,49.67423936
761.0985611,56.89232212
762.1577977,62.19982546
763.2168447,64.36726031
764.2757022,63.30650696
765.33437,60.21637474
766.3928483,56.93072418
767.4511372,54.97108052
768.5092366,54.92442006
769.5671467,56.44171927
770.6248674,58.72638526
771.6823988,61.18075926
772.7397409,63.97531458
773.7968939,68.3853586
774.8538577,76.50677669
775.9106324,90.15305007
776.967218,109.6874915
778.0236146,133.8868575
779.0798223,160.8534714
780.135841,188.9222692
781.1916708,216.7837327
782.2473118,243.0777685
783.3027639,266.2158123
784.3580274,284.784975
785.4131021,298.2325363
786.4679881,307.3029673
787.5226856,313.9093827
788.5771944,320.4961981
789.6315148,329.2845958
790.6856466,341.8026067
791.73959,358.7932028
792.7933451,380.3376738
793.8469117,406.0536859
794.9002901,435.3393035
795.9534802,467.6007879
797.0064822,502.3151976
798.0592959,538.8434967
799.1119215,576.0024954
800.164359,611.615698
801.2166085,642.671079
802.2686701,666.4727503
803.3205436,682.0358432
804.3722293,690.3987516
805.4237271,693.4775038
806.4750371,692.552121
807.5261594,687.7637391
808.5770939,678.7891693
809.6278407,665.7086431
810.6783999,649.2334546
811.7287715,630.2970721
812.7789556,609.5893421
813.8289522,587.6438309
814.8787613,565.5126088
815.928383,545.2881543
816.9778174,529.6145822
818.0270644,520.2274447
819.0761242,516.6444951
820.1249967,516.0878917
821.1736821,514.585744
822.2221803,508.3714435
823.2704914,494.8371967
824.3186154,472.8869731
825.3665525,442.96468
826.4143025,406.9670756
827.4618657,367.8947889
828.509242,329.0924486
829.5564314,293.3021333
830.6034341,261.9516127
831.65025,234.9801221
832.6968792,211.2003045
833.7433218,188.8987453
834.7895777,166.4210846
835.8356471,142.6979403
836.88153,117.6803772
837.9272264,92.62922228
838.9727364,70.10981744
840.0180599,53.3399515
841.0631972,44.79676028
842.1081481,44.79352068
843.1529128,51.09872784
844.1974912,59.94189579
845.2418835,67.65591332
846.2860897,71.91033594
847.3301098,72.04670525
848.3739438,68.68208045
849.4175919,63.09661617
850.461054,56.85498309
851.5043302,51.60354723
852.5474206,48.65520112
853.5903251,48.37251296
854.6330439,49.96621698
855.6755769,52.09068966
856.7179243,53.70600248
857.760086,54.36389364
858.8020621,53.7978577
859.8438527,51.49802914
860.8854578,46.88794051
861.9268774,40.00024381
862.9681115,31.9741947
864.0091603,24.74026342
865.0500238,19.96948678
866.090702,18.17899198
867.131195,18.76583564
868.1715027,20.76445545
869.2116253,23.47395149
870.2515628,26.47985283
871.2913152,29.40602578
872.3308825,31.94886322
873.3702649,34.23864886
874.4094624,37.09288792
875.448475,41.7901861
876.4873027,49.42335914
877.5259456,60.35222504
878.5644037,74.2948135
879.6026772,90.97670524
880.6407659,110.5630616
881.67867,133.2091446
882.7163896,158.0774661
883.7539245,182.9776631
884.791275,205.2280719
885.8284411,222.9401804
886.8654227,235.5029543
887.9022199,243.1068718
888.9388328,246.1558896
889.9752615,245.1857216
891.0115059,241.0969631
892.0475661,235.1331556
893.0834421,228.3684852
894.119134,221.0295372
895.1546419,212.2145006
896.1899658,200.3746839
897.2251056,184.3917442
898.2600616,164.4986616
899.2948336,142.3195659
900.3294218,120.0768467
901.3638262,99.6923345
902.3980468,82.35446439
903.4320837,68.57930332
904.4659369,58.50887549
905.4996065,52.11895971
906.5330926,49.10867877
907.566395,48.73450307
908.599514,50.1139153
909.6324495,52.8082841
910.6652016,56.85740882
911.6977703,62.20301807
912.7301557,68.46488315
913.7623578,75.49960647
914.7943766,83.8587439
915.8262123,94.26859249
916.8578648,106.5324831
917.8893342,118.9763705
918.9206205,128.9985909
919.9517238,134.3228259
920.9826441,134.0912089
922.0133814,129.1285175
923.0439359,121.2032529
924.0743075,111.7972844
925.1044963,101.3424532
926.1345023,89.47477079
927.1643256,75.88643463
928.1939662,61.01220429
929.2234242,46.11642602
930.2526996,32.70821668
931.2817924,21.64534081
932.3107028,12.75454083
933.3394306,5.423218059
934.367976,-0.557678298
935.3963391,-4.858404598
936.4245198,-7.06377376
937.4525182,-6.986475643
938.4803343,-4.653969766
939.5079683,-0.290973324
940.5354201,5.62715229
941.5626897,12.52867071
942.5897773,20.06916645
943.6166828,28.15817474
944.6434063,36.5612319
945.6699479,44.51131727
946.6963076,50.76655179
947.7224854,54.15275367
948.7484814,54.32874402
949.7742955,52.29506839
950.799928,50.13489524
951.8253787,49.83993309
952.8506478,51.98553701
953.8757353,55.49672846
954.9006412,58.82077829
955.9253656,61.39294817
956.9499085,64.10303544
957.97427,68.55062491
958.9984501,75.90919921
960.0224488,86.40473689
961.0462662,99.59310688
962.0699023,114.7091941
963.0933572,130.6292998
964.1166309,145.8687227
965.1397234,159.0496007
966.1626349,169.5085109
967.1853653,177.3170109
968.2079147,182.5668788
969.2302831,184.6772035
970.2524706,182.5169735
971.2744771,175.3225155
972.2963029,163.6846463
973.3179478,149.7432258
974.339412,136.1928136
975.3606955,124.650005
976.3817982,114.5937683
977.4027204,103.872383
978.4234619,90.6093146
979.4440229,75.01985469
980.4644034,59.53791413
981.4846035,47.1149745
982.5046231,39.24604846
983.5244623,35.39017297
984.5441212,33.95401334
985.5635997,33.53367896
986.5828981,33.24087201
987.6020162,32.38026762
988.6209541,30.47639588
989.639712,27.73485695
990.6582897,25.08479647
991.6766874,23.43240204
992.6949051,22.80612405
993.7129428,22.27468403
994.7308006,20.80354196
995.7484786,18.32747837
996.7659767,16.02403828
997.783295,15.45419407
998.8004336,17.30685058
999.8173924,20.85922816
1000.834172,24.57432735
1001.850771,27.27634314
1002.867191,28.93044524
1003.883432,30.35467836
1004.899493,32.10102787
1005.915374,33.61678783
1006.931076,33.62411771
1007.946599,31.43435186
1008.961942,27.98229369
1009.977106,25.56935344
1010.992091,26.45827017
1012.006897,31.54940395
1013.021523,40.11303462
1014.035971,50.37360161
1015.050239,60.34724211
1016.064328,68.65543143
1017.078239,75.03075409
1018.09197,80.32722878
1019.105522,86.27976892
1020.118896,95.08846636
1021.13209,108.5369713
1022.145106,126.8891909
1023.157944,148.4359736
1024.170602,170.1278076
1025.183082,188.8667695
1026.195383,202.6750965
1027.207506,210.9832743
1028.21945,213.8297793
1029.231215,210.9370156
1030.242802,201.8993027
1031.254211,187.3005309
1032.265441,169.3579708
1033.276493,151.176522
1034.287367,135.0542289
1035.298063,121.2369361
1036.30858,108.2309426
1037.318919,94.31909275
1038.32908,78.92366504
1039.339063,62.98202118
1040.348868,48.39095893
1041.358495,36.94558773
1042.367944,29.49206047
1043.377215,25.91366435
1044.386308,25.6490163
1045.395223,27.90156808
1046.403961,31.42991058
1047.412521,34.54991107
1048.420903,35.73562027
1049.429107,34.43272125
1050.437134,31.32740735
1051.444983,27.72835696
1052.452655,24.63604445
1053.460149,22.45986791
1054.467466,21.54808239
1055.474605,22.72244445
1056.481567,27.17213254
1057.488352,36.03819221
1058.494959,50.47205591
1059.501389,72.35586706
1060.507642,104.8839982
1061.513718,152.1314655
1062.519616,217.7986549
1063.525338,304.1921635
1064.530882,412.1326606
1065.53625,541.4727121
1066.54144,691.5271771
1067.546454,861.0685051
1068.55129,1047.837467
1069.55595,1247.77166
1070.560433,1454.599544
1071.56474,1660.424514
1072.568869,1857.142115
1073.572822,2037.669504
1074.576598,2196.156392
1075.580198,2327.397888
1076.583621,2426.240693
1077.586868,2487.584135
1078.589938,2507.264375
1079.592832,2483.508523
1080.595549,2417.903748
1081.59809,2315.106112
1082.600455,2181.678056
1083.602643,2024.920067
1084.604655,1852.122827
1085.606491,1670.264204
1086.608151,1485.969336
1087.609635,1305.460636
1088.610942,1134.35258
1089.612074,977.2735282
1090.61303,837.4537694
1091.61381,716.5846597
1092.614413,615.03286
1093.614841,532.1584892
1094.615094,466.5252041
1095.61517,415.981984
1096.615071,377.6491525
1097.614796,347.8723315
1098.614345,322.3940102
1099.613719,297.0581925
1100.612917,268.9680569
1101.61194,237.5678046
1102.610787,204.9935602
1103.609459,175.1868396
1104.607955,151.8755752
1105.606276,136.5768723
1106.604421,128.0527238
1107.602392,123.4623959
1108.600187,120.1279575
1109.597807,116.6675101
1110.595251,112.9917497
1111.592521,109.5432173
1112.589615,106.6381284
1113.586535,104.5335849
1114.583279,104.0134904
1115.579849,106.5586837
1116.576243,113.4779265
1117.572463,124.6613085
1118.568508,138.3076621
1119.564378,152.0548172
1120.560073,164.5463728
1121.555594,176.2413851
1122.55094,189.243276
1123.546111,206.7175877
1124.541107,232.2075349
1125.53593,268.720277
1126.530577,317.7840117
1127.52505,379.0256293
1128.519349,450.3884336
1129.513473,528.693589
1130.507423,610.3660037
1131.501199,692.2532012
1132.4948,772.3440926
1133.488227,850.0062759
1134.48148,925.3713836
1135.474559,998.1358351
1136.467463,1066.828294
1137.460194,1129.216988
1138.45275,1183.144041
1139.445133,1226.670181
1140.437342,1257.744329
1141.429376,1274.667743
1142.421237,1277.591354
1143.412924,1269.47233
1144.404437,1255.006855
1145.395777,1238.217674
1146.386942,1220.89949
1147.377934,1203.037048
1148.368753,1184.084104
1149.359397,1163.631106
1150.349869,1141.530059
1151.340166,1118.207398
1152.330291,1095.032353
1153.320242,1074.182952
1154.310019,1058.040632
1155.299623,1048.585084
1156.289054,1047.031233
1157.278311,1053.549775
1158.267396,1066.923526
1159.256307,1084.420874
1160.245045,1102.333659
1161.23361,1117.041798
1162.222001,1125.926218
1163.21022,1127.853179
1164.198266,1123.509926
1165.186139,1115.599545
1166.173839,1108.356822
1167.161366,1106.039876
1168.14872,1111.091265
1169.135901,1123.389767
1170.12291,1141.248499
1171.109746,1163.208609
1172.096409,1188.989429
1173.082899,1218.936706
1174.069217,1252.880499
1175.055363,1289.644667
1176.041336,1327.384368
1177.027136,1364.092944
1178.012764,1397.736861
1178.99822,1425.891049
1179.983503,1445.229911
1180.968614,1451.685887
1181.953553,1441.655786
1182.938319,1413.446169
1183.922914,1367.77093
1184.907336,1306.980242
1185.891586,1233.743078
1186.875664,1150.258059
1187.859569,1058.547963
1188.843303,961.4027017
1189.826865,862.8442078
1190.810255,767.3911811
1191.793473,678.6959588
1192.77652,598.6740499
1193.759394,527.4693313
1194.742097,463.9236972
1195.724628,406.3240264
1196.706987,353.3058834
1197.689175,304.5469462
1198.671191,260.7611544
1199.653035,222.9662289
1200.634708,191.6575134
1201.61621,166.523896
1202.59754,146.7600958
1203.578698,131.6966368
1204.559686,121.3817412
1205.540502,116.5690453
1206.521146,117.811827
1207.50162,124.2199559
1208.481922,132.9613927
1209.462053,140.1829447
1210.442013,143.0131833
1211.421801,141.2813131
1212.401419,137.442208
1213.380866,134.5841581
1214.360142,134.1972249
1215.339246,135.4566684
1216.31818,136.0832122
1217.296943,133.6398835
1218.275536,126.5405913
1219.253957,114.8152728
1220.232208,100.5332147
1221.210288,87.26021023
1222.188197,78.39003823
1223.165936,75.50034909
1224.143504,78.13363831
1225.120902,85.00693214
1226.098129,95.37647205
1227.075185,109.4006441
1228.052072,127.286778
1229.028788,148.0261253
1230.005333,169.0336056
1230.981708,187.2039565
1231.957913,200.3991555
1232.933948,208.1433657
1233.909812,211.4016745
1234.885507,212.0110358
1235.861031,212.1707184
1236.836385,214.1044012
1237.811569,219.7378613
1238.786583,230.1045344
1239.761427,244.6012783
1240.736101,260.7813687
1241.710606,275.2720717
1242.68494,285.5957115
1243.659105,291.7457661
1244.6331,296.1678441
1245.606925,301.9627484
1246.580581,310.7778128
1247.554067,322.0903111
1248.527383,334.2116592
1249.50053,345.9718294
1250.473507,357.6368424
1251.446314,370.2135734
1252.418953,383.8657645
1253.391421,397.2814455
1254.363721,408.6656558
1255.335851,417.010687
1256.307812,422.3043145
1257.279603,424.8947376
1258.251226,424.9922677
1259.222679,422.8354885
1260.193963,419.1720717
1261.165078,415.0887006
1262.136023,410.7867139
1263.1068,404.4476355
1264.077408,392.7914302
1265.047847,373.3384546
1266.018117,346.5839217
1266.988218,316.2037908
1267.95815,286.9585885
1268.927914,261.7801724
1269.897508,240.1989058
1270.866934,219.2896358
1271.836191,196.3646335
1272.80528,171.1699376
1273.7742,145.7760865
1274.742952,122.623159
1275.711534,103.0147431
1276.679949,87.54345517
1277.648195,77.39346987
1278.616273,74.37756207
1279.584182,79.23209407
1280.551923,89.98059129
1281.519495,102.3642725
1282.4869,112.2513139
1283.454136,117.8795096
1284.421204,120.0237554
1285.388103,120.4671378
1286.354835,120.6970141
1287.321399,121.7062483
1288.287794,124.0554271
1289.254022,127.4716058
1290.220081,130.4754138
1291.185973,130.8856653
1292.151697,127.4820433
1293.117253,122.0474375
1294.082641,119.6999567
1295.047862,126.0307077
1296.012914,143.1318541
1296.977799,168.510945
1297.942517,197.6471709
1298.907067,227.1430284
1299.871449,255.8664413
1300.835664,284.0616684
1301.799711,311.6591219
1302.763591,336.9625053
1303.727303,356.5908008
1304.690848,366.9014433
1305.654226,366.0198152
1306.617436,354.9391082
1307.580479,336.8157819
1308.543355,315.0590596
1309.506063,291.5452133
1310.468605,265.8184062
1311.430979,235.643561
1312.393186,199.0344982
1313.355227,156.8920698
1314.3171,114.3264683
1315.278806,79.37802953
1316.240346,59.54946848
1317.201718,57.76013613
1318.162924,70.27557104
1319.123963,88.77526166
1320.084835,105.1871863
1321.04554,115.0411473
1322.006079,117.4708123
1322.966451,113.8259799
1323.926656,106.7170055
1324.886695,99.21094598
1325.846567,93.70912924
1326.806273,91.10493299
1327.765812,90.92807966
1328.725185,92.28874762
1329.684392,94.84812421
1330.643432,99.27547764
1331.602305,107.0398277
1332.561013,119.521151
1333.519554,136.8356019
1334.477929,157.3564352
1335.436138,178.570554
1336.394181,198.6616572
1337.352058,217.5361914
1338.309768,236.5292612
1339.267313,256.942815
1340.224691,278.2797814
1341.181904,297.4279059
1342.138951,309.6150641
1343.095832,310.6261147
1344.052547,298.8100839
1345.009096,275.7473316
1345.96548,245.4266326
1346.921698,212.5536075
1347.87775,181.0073702
1348.833636,153.2395455
1349.789357,130.6058804
1350.744913,114.0231289
1351.700303,104.4917061
1352.655527,103.4278596
1353.610586,112.6841033
1354.565479,133.8742252
1355.520207,167.0866296
1356.47477,210.0067026
1357.429168,258.4828437
1358.3834,308.4262669
1359.337467,357.8225823
1360.291369,407.4135272
1361.245105,459.4077013
1362.198677,515.0796434
1363.152083,573.1595931
1364.105325,630.2943773
1365.058401,683.0711562
1366.011313,729.9251012
1366.964059,771.5836737
1367.916641,809.9552064
1368.869058,846.5294695
1369.82131,881.5641603
1370.773397,914.5158032
1371.725319,945.1758439
1372.677077,974.4785838
1373.62867,1004.198124
1374.580099,1035.843443
1375.531362,1069.959061
1376.482462,1106.336865
1377.433397,1144.357612
1378.384167,1182.867787
1379.334773,1220.066024
1380.285214,1253.963291
1381.235491,1283.184786
1382.185604,1307.418895
1383.135553,1327.096319
1384.085337,1342.524944
1385.034957,1353.112429
1385.984413,1357.189399
1386.933704,1352.630237
1387.882832,1338.053738
1388.831795,1313.711487
1389.780595,1281.106212
1390.72923,1241.637893
1391.677702,1195.678981
1392.626009,1142.888165
1393.574153,1083.245422
1394.522133,1017.797549
1395.469949,948.4507384
1396.417601,876.90961
1397.365089,803.7889375
1398.312414,728.9338567
1399.259575,652.6118206
1400.206573,576.2877431
1401.153407,502.3756241
1402.100077,433.3404273
1403.046584,370.6988287
1403.992927,314.3716531
1404.939107,262.7906471
1405.885124,213.8723246
1406.830977,166.3769201
1407.776667,120.764996
1408.722193,78.97286088
1409.667557,43.45332878
1410.612757,16.25679245
1411.557794,-1.496427943
1412.502667,-9.72023515
1413.447378,-9.042796114
1414.391925,-0.443939963
1415.33631,14.7247413
1416.280531,34.73094807
1417.22459,58.03879178
1418.168485,84.00933875
1419.112218,112.8102922
1420.055788,144.578664
1420.999195,178.7642398
1421.942439,214.2317826
1422.885521,249.7746148
1423.82844,284.3672839
1424.771196,316.973998
1425.713789,346.2550968
1426.65622,370.4953
1427.598488,387.8278643
1428.540594,396.7455877
1429.482538,396.7071942
1430.424318,388.4205996
1431.365937,373.5515069
1432.307393,354.1127967
1433.248687,331.9325316
1434.189818,308.3103653
1435.130787,283.7972948
1436.071594,258.1337489
1437.012239,230.5253876
1437.952721,200.451328
1438.893042,168.6618715
1439.8332,137.3329734
1440.773196,108.9541275
1441.713031,85.05819204
1442.652703,66.04250908
1443.592213,51.96617994
1444.531562,43.29152577
1445.470748,40.8239549
1446.409773,45.03217271
1447.348636,55.53883135
1448.287337,71.15286791
1449.225877,90.15772861
1450.164255,110.7302377
1451.102471,131.6016832
1452.040525,152.5735515
1452.978418,174.2849183
1453.91615,197.376566
1454.85372,221.7028299
1455.791128,245.8870961
1456.728375,267.3378806
1457.665461,282.9993936
1458.602385,290.6834785
1459.539148,290.1704408
1460.475749,283.3032904
1461.41219,272.868967
1462.348469,260.8637233
1463.284587,247.5114992
1464.220544,232.0912423
1465.156339,214.8203039
1466.091974,197.7028754
1467.027448,183.2948139
1467.96276,172.6255252
1468.897912,164.3388012
1469.832903,155.6832942
1470.767733,144.2342736
1471.702402,129.0895239
1472.63691,111.1969657
1473.571257,92.93829278
1474.505444,77.14753296
1475.43947,66.07586982
1476.373335,60.99416461
1477.30704,62.4607589
1478.240584,70.56987383
1479.173967,84.92419118
1480.10719,104.8365176
1481.040252,129.8868562
1481.973154,160.182279
1482.905896,195.9994778
1483.838477,237.3391589
1484.770898,283.8889604
1485.703158,335.256792
1486.635259,391.0611407
1487.567199,450.5771739
1488.498978,512.0258884
1489.430598,572.2073222
1490.362057,627.1268843
1491.293357,673.1970581
1492.224496,707.9898476
1493.155475,730.2870832
1494.086295,739.9893349
1495.016954,738.1005502
1495.947453,726.417217
1496.877793,706.8848633
1497.807973,681.1497759
1498.737992,650.5295036
1499.667852,616.0593409
1500.597553,578.4389868
1501.527093,538.1339511
1502.456474,495.7593057
1503.385696,452.4050687
1504.314757,409.5106187
1505.24366,368.4213136
1506.172402,330.0967969
1507.100985,295.0925849
1508.029409,263.5382359
1508.957673,235.0364682
1509.885778,208.8102052
1510.813724,184.2753549
1511.74151,161.6611455
1512.669137,142.0552475
1513.596604,126.6763894
1514.523913,115.9178676
1515.451062,108.9595664
1516.378052,104.1642349
1517.304883,99.78783585
1518.231555,94.60710875
1519.158068,88.4762656
1520.084422,82.56233437
1521.010617,78.69252624
1521.936653,78.07867728
1522.862531,80.55501107
1523.788249,84.86453429
1524.713809,89.4617653
1525.639209,93.0941146
1526.564451,94.81089867
1527.489535,93.62668441
1528.414459,88.50163811
1529.339225,78.94194577
1530.263833,65.5937628
1531.188281,50.05832225
1532.112572,34.17280046
1533.036703,19.67335297
1533.960677,8.448243144
1534.884492,2.603146115
1535.808148,3.715039118
1536.731646,11.68799255
1537.654986,24.22625821
1538.578167,37.51977903
1539.501191,47.87666016
1540.424056,53.40121835
1541.346763,54.7111432
1542.269311,54.23655255
1543.191702,54.63122458
1544.113934,57.42204842
1545.036009,62.61941254
1545.957925,69.1291326
1546.879684,75.41726949
1547.801284,80.14378461
1548.722727,82.76852891
1549.644012,84.01289731
1550.565139,85.85964934
1551.486108,90.99444573
1552.40692,101.9577962
1553.327573,120.3594433
1554.248069,146.5025487
1555.168408,179.6392088
1556.088588,218.5518076
1557.008612,261.8741292
1557.928477,308.0849022
1558.848185,355.6495425
1559.767736,403.5329874
1560.687129,451.6799235
1561.606365,500.9125298
1562.525443,552.2471579
1563.444364,606.2541134
1564.363128,662.9338761
1565.281734,721.8703294
1566.200184,782.1599276
1567.118476,842.1406225
1568.036611,899.4825759
1568.954588,952.0373389
1569.872409,999.1456114
1570.790073,1042.511625
1571.707579,1085.850784
1572.624929,1133.444463
1573.542121,1188.607479
1574.459157,1252.903407
1575.376036,1326.20324
1576.292758,1407.38207
1577.209323,1495.423768
1578.125731,1590.393453
1579.041983,1693.500098
1579.958078,1805.979536
1580.874016,1927.539319
1581.789798,2055.464218
1582.705423,2184.717137
1583.620891,2308.621688
1584.536203,2419.798309
1585.451358,2511.183706
1586.366357,2576.728828
1587.2812,2611.467685
1588.195886,2611.30937
1589.110415,2573.228546
1590.024789,2495.976347
1590.939006,2380.714529
1591.853067,2230.993218
1592.766971,2052.197047
1593.68072,1851.035385
1594.594312,1635.187291
1595.507748,1412.664137
1596.421028,1190.878401
1597.334152,976.0923397
1598.24712,773.6522757
1599.159932,588.5750779
1600.072588,425.6419754
1600.985088,288.601855
1601.897432,179.0515602
1602.809621,96.03275461
1603.721653,36.66295002
1604.63353,-2.874060245
1605.545251,-26.64311643
1606.456816,-38.60023417
1607.368226,-42.32169141
1608.27948,-40.75405061
1609.190578,-36.01880998
1610.101521,-29.21866119
1611.012309,-20.30626241
1611.92294,-8.439103044
1612.833417,6.939217733
1613.743738,24.96896564
1614.653903,43.34964449
1615.563913,59.70030751
1616.473768,73.15430503
1617.383468,84.7864379
1618.293012,96.66991789
1619.202401,110.4444243
1620.111635,126.3418546
1621.020714,143.2057337
1621.929637,159.4590269
1622.838406,174.2695888
1623.747019,187.8405119
1624.655478,200.4856782
1625.563781,211.4662295
1626.471929,218.9153282
1627.379923,221.0569399
1628.287762,217.6502575
1629.195446,210.4511341
1630.102975,202.3871658
1631.010349,196.1677317
1631.917568,193.2782468
1632.824633,193.6139581
1633.731543,195.4334514
1634.638299,195.7236894
1635.544899,191.3840614
1636.451346,180.8415509
1637.357637,164.9854541
1638.263775,146.6720449
1639.169757,129.1290884
1640.075586,114.4481135
1640.981259,103.0959079
1641.886779,94.35565624
1642.792144,87.13287822
1643.697355,80.63732203
1644.602412,74.49069646
1645.507314,68.23942522
1646.412062,61.05028204
1647.316656,52.34014991
1648.221096,42.9875862
1649.125382,35.92867727
1650.029513,35.2792868
1650.933491,44.2324301
1651.837315,62.97149192
1652.740985,88.04138004
1653.6445,113.7733573
1654.547862,134.9309133
1655.45107,148.8892132
1656.354124,156.1174425
1657.257025,158.9776242
1658.159771,159.8527379
1659.062364,159.8506483
1659.964804,158.6936642
1660.867089,155.5191945
1661.769221,149.7997168
1662.671199,141.5935748
1663.573024,131.0263884
1664.474695,117.7833011
1665.376213,101.293932
1666.277577,81.45408125
1667.178788,59.37048404
1668.079846,37.68225027
1668.98075,20.12892873
1669.881501,10.43324542
1670.782098,10.96738109
1671.682543,21.6925559
1672.582834,39.7922654
1673.482972,60.36197932
1674.382956,78.14490123
1675.282788,89.61775478
1676.182466,94.23235073
1677.081992,94.01142272
1677.981364,91.97615843
1678.880584,90.7009223
1679.77965,91.68561529
1680.678564,95.32424816
1681.577325,101.1205513
1682.475932,108.0399504
1683.374387,114.9184241
1684.27269,120.7131492
1685.170839,124.4544439
1686.068836,125.1721959
1686.96668,122.2549284
1687.864372,116.1882648
1688.761911,108.9600287
1689.659297,103.4389399
1690.55653,101.9387976
1691.453612,105.0693105
1692.35054,111.6508209
1693.247317,119.3905464
1694.143941,125.7093559
1695.040412,128.5796838
1695.936731,127.3230396
1696.832898,122.9678296
1697.728913,117.8277199
1698.624775,114.5249719
1699.520485,115.0362144
1700.416043,120.1151252
1701.311449,129.136165
1702.206702,140.3863239
1703.101804,151.7043449
1703.996753,161.0790662
1704.891551,166.950235
1705.786196,168.2955001
1706.68069,164.6234245
1707.575032,155.9868091
1708.469221,143.1323869
1709.363259,127.5548936
1710.257145,111.0376253
1711.15088,94.87816831
1712.044462,79.65617369
1712.937893,65.85337927
1713.831172,54.45481802
1714.7243,46.68753934
1715.617276,43.341092
1716.5101,44.58787816
1717.402773,50.26146772
1718.295294,59.95713567
1719.187664,72.85972887
1720.079882,87.668501
1720.971949,102.780409
1721.863865,116.6361241
1722.755629,128.1419592
1723.647242,137.0265579
1724.538704,143.7987355
1725.430014,149.1308841
1726.321173,153.0973495
1727.212181,154.8782288
1728.103038,152.9871794
1728.993744,145.8317337
1729.884298,132.6121496
1730.774702,114.1952539
1731.664954,93.15821022
1732.555056,72.85253685
1733.445006,56.20771918
1734.334806,44.87773295
1735.224455,38.93952141
1736.113953,37.36927435
1737.0033,39.21555585
1737.892496,44.52499441
1738.781542,53.99426826
1739.670437,67.62394449
1740.559181,83.77505408
1741.447774,99.59396565
1742.336217,112.4435868
1743.22451,121.1677837
1744.112651,126.2628421
1745.000643,128.9722629
1745.888483,130.119638
1746.776174,129.5265359
1747.663713,126.3483643
1748.551103,120.0194216
1749.438342,110.9886451
1750.325431,100.6048715
1751.212369,90.39614472
1752.099157,81.5692381
1752.985795,75.0869855
1753.872283,71.78324002
1754.758621,71.96910486
1755.644808,74.97094566
1756.530846,79.40179705
1757.416733,84.04586488
1758.30247,88.43299014
1759.188058,92.55766859
1760.073495,96.19440343
1760.958782,98.70503287
1761.84392,99.61388491
1762.728907,99.26322721
1763.613745,98.72580656
1764.498433,98.90162444
1765.382971,99.56444646
1766.26736,99.34803653
1767.151599,96.82127353
1768.035688,91.66540169
1768.919627,85.00677361
1769.803417,78.83135946
1770.687057,74.89031091
1771.570548,73.76629825
1772.453889,74.94310121
1773.337081,77.95143146
1774.220123,83.2652174
1775.103016,91.66531718
1775.98576,102.7991419
1776.868354,114.8517645
1777.750799,125.7724412
1778.633094,134.6540643
1779.515241,142.0283816
1780.397238,149.147189
1781.279086,157.0809709
1782.160784,166.2674035
1783.042334,176.4286889
1783.923735,186.4714494
1784.804986,194.452577
1785.686089,197.9678385
1786.567042,194.9585157
1787.447847,184.6124097
1788.328502,167.903572
1789.209009,147.365854
1790.089367,126.1493635
1790.969576,106.871821
1791.849636,90.8606681
1792.729547,78.21067181
1793.60931,68.59074489
1794.488924,62.07769253
1795.36839,59.23651997
1796.247706,60.43002772
1797.126874,65.13089658
1798.005894,71.96369478
1798.884765,79.38826556
1799.763488,86.32664119
1800.642062,92.26727398
1801.520487,96.96455901
1802.398764,100.0893337
1803.276893,101.0281097
1804.154874,98.88104671
1805.032706,92.74152927
1805.91039,82.25507387
1806.787925,68.14351862
1807.665313,52.32534802
1808.542552,37.54857662
1809.419643,26.63099279
1810.296586,21.43720034
1811.173381,21.95820736
1812.050028,26.18780673
1812.926527,31.20395111
1813.802877,34.83612905
1814.67908,36.61945577
1815.555135,37.39731894
1816.431042,38.25570734
1817.306801,39.90174388
1818.182413,42.84711485
1819.057876,47.83757382
1819.933192,55.6824936
1820.80836,66.33269667
1821.68338,78.14775135
1822.558253,88.31194059
1823.432978,94.22815237
1824.307556,94.89362713
1825.181985,91.37692828
1826.056268,86.12976029
1826.930403,81.66948239
1827.80439,79.57728056
1828.67823,80.28458306
1829.551922,83.38795931
1830.425467,88.1285304
1831.298865,93.76494673
1832.172115,99.57135308
1833.045219,104.6716968
1833.918175,108.2603194
1834.790983,110.1077293
1835.663645,110.7457097
1836.536159,111.2613819
1837.408526,113.0293438
1838.280746,117.336596
1839.152819,124.7100447
1840.024745,134.2518022
1840.896524,143.5851178
1841.768156,149.7328706
1842.639641,150.6457591
1843.510979,146.4506483
1844.382171,139.4264935
1845.253215,132.6020778
1846.124113,127.9534977
1846.994864,125.4169854
1847.865468,123.2660749
1848.735925,119.4645794
1849.606236,113.03255
1850.4764,104.5936465
1851.346418,95.91358461
1852.216289,88.69469897
1853.086013,83.30332669
1853.955591,78.57418013
1854.825022,73.11481544
1855.694307,66.77793298
1856.563445,60.74072569
1857.432437,56.32936196
1858.301283,53.88969882
1859.169982,52.57274286
1860.038535,50.97993012
1860.906942,48.12954417
1861.775203,44.11082181
1862.643317,39.98168167
1863.511285,37.04653188
1864.379107,36.10712121
1865.246783,37.08427199
1866.114313,39.06174373
1866.981696,40.69493916
1867.848934,40.76314707
1868.716026,38.53108852
1869.582972,33.8323694
1870.449771,27.04087736
1871.316425,19.02237233
1872.182934,10.99921121
1873.049296,4.243676481
1873.915512,-0.311235537
1874.781583,-2.259258838
1875.647508,-1.606156878
1876.513287,1.360686377
1877.378921,6.083684492
1878.244409,11.89465997
1879.109751,18.3987074
1879.974948,25.68639086
1880.839999,34.05097881
1881.704905,43.41987247
1882.569665,52.96849454
1883.43428,61.22813036
1884.298749,66.7884824
1885.163073,69.30787734
1886.027252,70.03628139
1886.891285,71.2125103
1887.755173,74.62515853
1888.618916,80.37484713
1889.482513,86.74298035
1890.345965,91.26922441
1891.209273,92.27635209
1892.072434,89.74812864
1892.935451,85.02224696
1893.798323,79.73777414
1894.66105,74.95882038
1895.523632,71.07312704
1896.386068,68.27051052
1897.24836,66.89724442
1898.110507,67.29862267
1898.972509,69.4096429
1899.834366,72.55099094
1900.696078,75.59951661
1901.557646,77.32337067
1902.419068,76.61079508
1903.280346,72.69440294
1904.14148,65.68632238
1905.002468,57.22425256
1905.863312,50.34941689
1906.724012,48.09547041
1907.584566,51.53281401
1908.444977,58.72717182
1909.305242,65.57379914
1910.165364,68.19478276
1911.02534,65.26384247
1911.885173,58.47249619
1912.744861,50.9433559
1913.604404,45.14739436
1914.463803,41.88771239
1915.323058,40.6205769
1916.182169,40.38604244
1917.041136,40.51433833
1917.899958,40.72018216
1918.758636,40.78097735
1919.61717,40.33254966
1920.47556,39.14242721
1921.333805,37.5819967
1922.191907,36.67750285
1923.049865,37.65424664
1923.907678,41.48741613
1924.765348,48.72977106
1925.622874,59.35760511
1926.480256,72.42030825
1927.337494,85.80255844
1928.194588,96.65991978
1929.051538,102.715152
1929.908345,103.8527404
1930.765008,102.7243658
1931.621527,103.3449831
1932.477902,108.3755298
1933.334134,117.2088633
1934.190222,126.3543364
1935.046167,131.7065652
1935.901968,130.9918337
1936.757625,124.8764913
1937.613139,116.3424956
1938.46851,108.9833176
1939.323737,105.3801589
1940.178821,106.4647458
1941.033761,111.8449866
1941.888558,120.3505643
1942.743212,130.3497034
1943.597722,139.9933366
1944.452089,147.5077322
1945.306313,151.4209985
1946.160394,150.7387354
1947.014331,145.1414247
1947.868126,135.1338705
1948.721777,122.0977833
1949.575285,108.2522001
1950.428651,96.27787068
1951.281873,88.31999998
1952.134952,84.84593296
1952.987888,84.39531265
1953.840682,84.52837314
1954.693332,83.23885941
1955.54584,79.89674326
1956.398205,75.26024491
1957.250427,70.84972122
1958.102506,68.36621024
1958.954443,69.36444489
1959.806236,74.81694171
1960.657888,84.449679
1961.509396,96.38111143
1962.360762,107.6211699
1963.211985,115.2296437
1964.063066,117.4148009
1964.914005,114.1538305
1965.7648,107.265565
1966.615454,99.85547626
1967.465965,95.17441617
1968.316333,95.29013954
1969.166559,100.2195557
1970.016643,108.0853031
1970.866584,116.2720063
1971.716384,122.7813674
1972.566041,126.8282693
1973.415555,128.4536601
1974.264928,127.8117966
1975.114158,124.9293802
1975.963247,119.9996424
1976.812193,113.70344
1977.660997,107.2966911
1978.509659,102.4104315
1979.358179,100.2795992
1980.206557,100.5510555
1981.054794,100.851832
1981.902888,98.05251174
1982.75084,90.38905741
1983.598651,78.6911672
1984.44632,66.02926982
1985.293847,56.29321408
1986.141232,52.42707487
1986.988475,55.08661466
1987.835577,62.3619402
1988.682537,70.58443957
1989.529356,75.82905057
1990.376032,75.64044205
1991.222568,70.18693657
1992.068961,62.01716421
1992.915214,54.49961326
1993.761324,50.16809212
1994.607294,50.1095724
1995.453121,54.27653453
1996.298808,61.86048035
1997.144353,71.43360273
1997.989757,81.18337249
1998.835019,89.27510056
1999.68014,94.11063264
2000.52512,94.69821529
2001.369959,91.30241883
2002.214656,85.6784649
2003.059213,80.23332106
2003.903628,76.71937011
2004.747902,75.48664957
2005.592035,75.47762095
2006.436027,74.72712628
2007.279878,71.29060248
2008.123588,64.29351597
2008.967157,54.46280964
2009.810585,43.73479486
2010.653872,34.21735071
2011.497019,27.29681572
2012.340024,23.52468621
2013.182889,23.21920736
2014.025613,27.12328566
2014.868196,36.32808444
2015.710639,51.32437767
2016.552941,71.12204273
2017.395102,93.43558251
2018.237123,115.6586981
2019.079003,135.5809042
2019.920742,151.5581114
2020.762341,162.6576699
2021.6038,168.8681634
2022.445118,170.9526621
2023.286295,170.0753854
2024.127332,167.7285553
2024.968229,165.6686431
2025.808986,164.9820151
2026.649602,164.3840435
2027.490078,159.3520648
2028.330413,143.8677734
2029.170608,114.810854
2030.010664,76.4702372
2030.850578,41.352721
2031.690353,25.3039206
2032.529988,39.50853359
2033.369483,85.16326692
2034.208837,154.3169438
2035.048052,234.8670174
2035.887126,315.4538738
2036.726061,388.0583365
2037.564855,448.3034146
2038.40351,494.1719228
2039.242025,524.4364305
2040.0804,538.3303503
2040.918635,536.6247324
2041.756731,522.4129148
2042.594686,500.1139514
2043.432502,473.3323443
2044.270179,443.3098661
2045.107715,408.6697015
2045.945112,366.0915447
2046.78237,311.8526358
2047.619487,244.4920055
2048.456466,167.8582465
2049.293304,92.33076821
2050.130004,32.01573512
2050.966563,-1.798620953
2051.802984,-7.040284725
2052.639265,7.983530779
2053.475406,30.02930811
2054.311408,48.60226028
2055.147271,59.99977708
2055.982995,65.94930049
2056.818579,69.62116591
2057.654024,72.57155874
2058.48933,74.14078036
2059.324497,72.75756156
2060.159525,67.76644348
2060.994413,60.49673678
2061.829163,53.8616777
2062.663773,50.81125125
2063.498245,52.89278796
2064.332577,60.02706767
2065.166771,71.40843429
2066.000825,86.41886192
2066.834741,104.600226
2067.668518,124.8534694
2068.502155,144.9455566
2069.335655,162.1513131
2070.169015,174.7490943
2071.002237,183.2022887
2071.835319,189.9476562
2072.668264,197.7986925
2073.501069,208.1146233
2074.333736,219.9508189
2075.166264,230.489507
2075.998654,236.3326467
2076.830905,235.0362606
2077.663018,226.1267834
2078.494992,211.0003132
2079.326827,191.9700008
2080.158525,171.3777026
2080.990084,151.2138423
2081.821504,132.9189881
2082.652786,117.1100681
2083.48393,103.5605766
2084.314935,91.80914431
2085.145803,81.98350082
2085.976532,74.88850337
2086.807123,71.203388
2087.637575,70.82941869
2088.46789,73.21556951
2089.298066,78.12361557
2090.128105,85.74777602
2090.958005,95.99178145
2091.787767,107.6301852
2092.617392,118.1135644
2093.446878,124.3426377
2094.276226,124.1697347
2095.105437,117.7817109
2095.934509,107.9019566
2096.763444,98.39898699
2097.592241,92.2053243
2098.4209,90.17486804
2099.249422,91.58479506
2100.077805,95.32149391
2100.906051,100.4308191
2101.73416,105.9188763
2102.56213,110.6077649
2103.389963,113.4530502
2104.217659,113.9765398
2105.045217,112.3865722
2105.872637,109.4381125
2106.69992,106.3761654
2107.527065,104.8810019
2108.354073,106.4845191
2109.180944,111.3757463
2110.007677,117.5069891
2110.834273,121.0895332
2111.660731,118.5082046
2112.487052,108.4971644
2113.313236,93.14090398
2114.139283,76.95806784
2114.965192,64.58600564
2115.790964,58.55597933
2116.6166,58.53822068
2117.442098,62.37448814
2118.267458,67.95399193
2119.092682,74.44995047
2119.917769,82.19715631
2120.742719,91.76277848
2121.567532,103.1873758
2122.392208,115.8192279
2123.216746,128.5566202
2124.041149,140.2564941
2124.865414,150.2555389
2125.689542,158.7864438
2126.513534,166.7759326
2127.337388,174.8298766
2128.161106,182.0964049
2128.984688,186.0385736
2129.808132,183.558008
2130.63144,172.9035024
2131.454611,155.1417173
2132.277646,134.0207088
2133.100544,114.0608667
2133.923306,98.24066417
2134.745931,87.11279013
2135.568419,79.7322419
2136.390772,75.14708192
2137.212987,73.23261823
2138.035066,74.6229562
2138.857009,80.11499216
2139.678816,90.13066068
2140.500486,104.6310063
2141.32202,123.2447237
2142.143418,145.0883042
2142.964679,168.3424167
2143.785804,190.2238474
2144.606793,207.607414
2145.427646,217.8553314
2146.248363,219.4703926
2147.068944,212.5944376
2147.889388,199.1815516
2148.709697,182.3312735
2149.529869,164.8995378
2150.349906,148.4266192
2151.169807,133.1708886
2151.989571,118.9369607
2152.8092,105.9336115
2153.628693,95.14349436
2154.44805,87.95340307
2155.267272,85.22647569
2156.086357,86.62090652
2156.905307,90.83041727
2157.724121,96.42797322
2158.5428,102.5261287
2159.361342,108.9574573
2160.17975,116.0363562
2160.998021,123.9420217
2161.816157,132.0522906
2162.634157,138.8351435
2163.452022,142.4365321
2164.269752,141.474095
2165.087345,135.6041535
2165.904804,125.7519366
2166.722127,113.8630678
2167.539315,102.0394937
2168.356367,91.432748
2169.173284,81.77946673
2169.990066,72.10431271
2170.806712,61.98443346
2171.623223,52.20337657
2172.439599,44.26947952
2173.25584,39.3045555
2174.071946,37.2509658
2174.887916,36.96559647
2175.703752,36.96750341
2176.519452,36.14676154
2177.335017,34.03833332
2178.150448,30.83685088
2178.965743,27.44204355
2179.780903,25.37368353
2180.595929,26.22883372
2181.410819,30.83865964
2182.225575,38.67440205
2183.040196,47.88154831
2183.854682,56.05392508
2184.669033,61.51797719
2185.483249,64.26426497
2186.297331,65.62444191
2187.111278,66.93592588
2187.925091,68.47015202
2188.738768,69.52129633
2189.552311,69.3975579
2190.36572,68.37360948
2191.178994,67.8275546
2191.992133,69.40681336
2192.805138,73.75989251
2193.618009,79.80055241
2194.430744,85.21374436
2195.243346,87.93479892
2196.055813,87.46846872
2196.868146,85.0525892
2197.680344,82.68636599
2198.492409,81.91417975
2199.304338,83.10941155
2200.116134,85.39141613
2200.927795,87.10221905
2201.739323,86.70601313
2202.550716,83.65549009
2203.361975,78.70656669
2204.173099,73.46315993
2204.98409,69.29122005
2205.794947,66.29113517
2206.605669,63.30239492
2207.416258,59.07566812
2208.226712,53.52720664
2209.037033,48.04272982
2209.84722,44.88901086
2210.657273,46.27052232
2211.467192,53.30051216
2212.276977,65.21258101
2213.086628,79.44070961
2213.896146,92.80278224
2214.70553,103.0210183
2215.51478,109.430897
2216.323896,112.5643378
2217.132879,113.346795
2217.941728,112.6731824
2218.750443,111.3249529
2219.559025,109.8715319
2220.367474,108.5633446
2221.175789,107.306579
2221.98397,105.6246528
2222.792018,102.6809678
2223.599932,97.63136777
2224.407713,90.33756294
2225.215361,82.04645961
2226.022875,75.35307097
2226.830256,72.94215364
2227.637504,75.55808468
2228.444618,80.75609299
2229.251599,83.88439834
2230.058447,81.31742207
2230.865161,74.29143526
2231.671743,70.42557982
2232.478191,80.48671807
2233.284506,111.8022495
2234.090689,163.7360908
2234.896738,228.9498673
2235.702654,298.3446088
2236.508437,365.0430578
2237.314087,425.279389
2238.119604,477.2156876
2238.924988,519.6519296
2239.73024,551.6072611
2240.535358,572.3887791
2241.340344,581.5509201
2242.145197,578.8426382
2242.949917,564.422776
2243.754504,539.1336261
2244.558958,504.3885194
2245.36328,461.5060964
2246.167469,410.8863558
2246.971526,352.0478183
2247.77545,285.3711314
2248.579241,214.9158455
2249.3829,150.1157894
2250.186426,104.029376
2250.98982,87.56356748
2251.793081,102.5148325
2252.59621,88.35953908
2253.399207,80.72843027
2254.202071,79.62150601
2255.004802,85.03876631
2255.807401,96.98021116
2256.609868,115.4458406
2257.412203,140.4356545
2258.214406,171.9496531
2259.016476,209.9878361
2259.818414,254.5502038
2260.62022,305.636756
2261.421893,363.2474927
