Wavelength,AAB_4 ATP_10^-7M_750_5_5_L_S2_I1,AAB_4 ATP_10^-7M_750_5_5_L_S2_I2,AAB_4 ATP_10^-7M_750_5_5_L_S2_I3,AAB_4 ATP_10^-7M_750_5_5_L_S2_I4,AAB_4 ATP_10^-7M_750_5_5_L_S2_I5
342.006421819617,-75.911767293736,-57.194325457771,-31.858527415419047,-26.987592122392957,-35.67237260918642
347.112848630893,19.617812496867785,9.73669984423157,18.04660595747778,-54.10989693040146,19.703751539144363
352.211449846096,33.19979672939043,268.86678672176635,103.18227312692315,35.91199140267901,142.19719270093253
357.302238512928,7.544013990325169,46.03840228499669,-3.731465976241637,-10.658126154917092,-37.90670966752951
362.385227653271,26.93623191415974,14.736693887260266,-29.155072877775723,45.20830306730568,-53.37679725523125
367.460430263362,64.65903017872796,281.85654883094725,57.26706573352266,217.24202095463,69.84494372990686
372.527859313997,145.38068166428317,181.16998878558752,117.6072428350354,16.724357703782772,24.65009808988532
377.587527750688,562.7290744131037,594.3420794487884,546.098115506962,629.1749157688006,369.6586785993909
382.639448493877,1564.486761805361,1422.0324334225872,1544.4909102366837,1474.3005194625887,1134.8893849020003
387.683634439107,2836.4785893748895,2717.2527475980687,2808.769005778287,2648.1083748465326,2304.5197894887815
392.72009845721,3610.8114391872487,3792.0090846250073,3576.5502797727972,3465.149673383266,3291.6666442369874
397.748853394485,3406.5811859317996,3454.698258452522,3384.6082103415506,3103.253736200423,3183.4177386655692
402.76991207289,2479.8194074049043,2724.3167470243993,2604.519512167608,2416.847315625319,2539.9832111755345
407.783287290211,1442.9779765096816,1640.3476366509606,1568.2101590589086,1483.821091088376,1585.1960117800204
412.788991820255,679.379352398573,812.4589021060735,703.2486852296438,535.7701003385541,636.3941410384745
417.787038413016,232.47479383953882,456.15136788856285,347.26995676853915,161.01936044173203,267.1947241021616
422.777439794883,23.91325515468882,20.443779962409458,150.04798803651323,51.49595961316634,89.21493251037882
427.760208668777,6.905864542213993,193.8235326536303,6.408670704727072,34.25604615130344,55.58534113789092
432.735357714366,127.69056712622923,175.05311912263545,106.4623942570294,26.73229270968706,51.939897487869075
437.702899588219,224.7550443643453,238.97515552875115,286.84536900982584,198.79665440107996,180.85286057051079
442.662846924002,145.25204970980244,395.03975630457717,248.56955411464133,439.2044184699967,293.4629383789219
447.615212332628,-10.246310124928332,-21.57160306272622,28.494029590634298,-42.466751173917906,-88.57634897371997
452.560008402459,-47.02695727676554,-22.76134723092585,-24.646479838514743,-86.89746632150803,-72.93401488376684
457.497247699466,-11.889704004997775,13.93314841897292,24.789894657619833,32.28732664887765,147.31091209408555
462.42694276741,-18.863480006763066,-23.111427786430504,-44.81934668042754,-151.17335286798877,-85.87837652843456
467.349106127996,-21.175039890541672,-13.258872326391717,-54.624653400514596,45.94235536821885,-42.72817278712459
472.263750281081,7.627755922209396,27.75935696662266,3.768836049003724,-55.63462745236384,48.83900548944572
477.170887704813,36.79190347235787,-9.838150837591346,24.814939322251362,62.73814897335892,-57.756198153693056
482.070530855812,86.56673965319256,-103.23754274572647,121.09296475242523,13.830605729571534,134.15743224598378
486.962692169351,121.65138007204175,176.1465740161346,222.19157834105027,155.00978061637346,274.7070803926551
491.847384059509,78.73341905159967,61.57315446669476,150.69591330104166,29.797403366814272,151.88880622162145
496.724618919354,39.31153981732726,8.314308465124189,1.45469108842628,-43.6476393880578,88.5152443262996
501.594409121106,97.14060630864016,51.875063246041734,56.74322903434118,52.976074421407624,59.03143036932428
506.456767016303,145.1611244717014,62.79757586617877,259.71051893575964,100.10447886301438,154.00701796089155
511.311704935972,60.25038664248871,86.95159708026016,143.67171836656198,52.72631513156946,204.17001686696292
516.159235190789,-17.949168603183896,-159.77317731232947,-120.45492468591306,-196.62850355258882,-7.154184464846284
520.999370071249,77.64889407172402,12.639259638423145,34.840910374286594,56.217575998441085,-1.3236290962845354
525.832121847836,186.814648001355,194.49547697375772,230.1738936262744,84.12705375225474,152.0885959921646
530.657502771179,118.72723772150722,62.45350764122209,57.33705109269321,163.3189451282501,22.5777274167528
535.475525072219,21.932577779366447,-107.4261192441539,16.226742753200035,-95.5722926770085,-51.39869108552443
540.286200962379,91.92760695198766,135.34145574383854,181.24472799114417,55.86163251319596,165.32589959712843
545.089542633712,267.2485265139635,206.00909180643606,158.8828661085544,213.22737950346124,210.369573263973
549.885562259076,350.34554420447733,94.24912276275174,210.74441377110205,156.8791305374262,190.12271600189794
554.67427199229,206.6939152518283,249.8247354935331,299.890858128854,346.4405398912858,315.3831979065392
559.455683968295,-20.665146575442975,-102.58656316794502,18.9481722716208,-15.64663643484842,64.79460913201903
564.229810303319,-15.270264294361796,-49.829951742353195,-35.86232612810757,-55.276316096833725,-65.6419178814697
568.996663095024,185.7940811831935,258.0474584705497,308.2794901165864,293.5551974478026,328.77803200659
573.756254422682,252.11710097729838,75.5412600386217,238.3373402264358,221.4625436624091,287.4063635586863
578.508596347321,159.23838142197064,30.3310719542605,15.679377639361,-6.783287453161611,-9.00104643820849
583.253700911884,106.98467937210278,96.98867393045172,133.19100067423344,186.502203752835,154.96705403012257
587.991580141394,98.77618062462886,71.66466535990173,110.90585226017714,78.19309685876192,186.88172242284836
592.722246043097,63.224304578053925,-115.10704721531533,-32.49527432654839,-49.23842503363997,12.083647668780014
597.445710606635,29.566663421509457,-31.411520321774415,57.74613288237861,3.2937385031436412,64.55359109725458
602.161985804183,7.531493499583077,88.07347077485323,115.81704537481374,80.3565706077335,22.27067243087703
606.871083590626,-21.073171205415292,-78.25602528676316,-3.0982065853734824,8.29392891768602,-59.89650087275131
611.573015903688,-23.018868093372827,-96.81174601355275,-88.52245834961036,-61.6216339442326,-56.55142669668255
616.267794664109,8.596034229253465,-108.56207672914381,-33.37608794305839,-17.99794700861999,-35.083576251023246
620.955431775774,31.65399956186236,51.943278568445024,27.562972592365448,-21.044080658234996,52.800605935899824
625.635939125892,76.99736526561831,52.18318184614081,27.116884188711815,-28.383706639584634,6.302165000845019
630.309328585123,191.98705408364486,128.51833641070283,162.3773072373316,37.10738452874126,184.1052807074845
634.975612007751,306.6647344144365,329.58457478153684,303.3627490190386,392.02778103915125,374.38666462291195
639.634801231821,348.37918084844824,87.70925077474223,249.27602046687846,141.570066812828,232.40438867235306
644.286908079293,321.7819671162773,310.6870388049619,180.22102811383516,397.10877857727814,314.3018761553025
648.931944356194,221.04590266733643,216.2932486553341,125.98960917964811,75.73439954157902,206.7359870279448
653.569921852761,71.95994635741576,30.709367710519743,59.10285340947924,-51.42560856021815,-3.230129504555726
658.200852343592,-33.47363139276808,68.77934948844313,-6.484864675952895,28.131951011443235,64.90463019792203
662.824747587809,-44.27853545709408,-198.78096718429373,-68.63113793489538,-167.72421569760238,-67.86774243660412
667.441619329178,20.90080433415308,51.03734520299762,-17.32722239645753,88.06976597838968,-81.71774027818208
672.05147929628,104.46770742554575,-22.34165505010519,45.318673003937526,-5.451949175679246,47.92101890939936
676.654339202636,136.8189078054737,-47.18326135615304,43.509786216285825,68.72263351784515,52.158550099473196
681.250210746879,109.3811640111014,90.50314623614422,60.01165051298455,25.281972577879362,72.90677236738762
685.839105612884,68.90757297815419,16.329252598818748,0.23230784956800932,-69.41262074016603,-22.688839590910504
690.421035469903,39.01482662556128,5.09971799174332,-90.21402880025127,74.4188105376169,-83.43347982512131
694.996011972729,34.68640585963738,16.606872153645785,-10.087529289076477,-18.14728596358933,-27.733759717929622
699.564046761832,87.04448063614306,221.04855194120128,156.3187635386196,134.95608720725403,-23.53030463633637
704.125151463501,179.58782911863085,174.91834915587322,233.17664116544688,311.34431248753936,89.79853497653895
708.679337689982,235.0312252305361,285.74083152621904,225.26008041145496,180.42284609332992,144.17441902176196
713.22661703964,201.00890839101717,223.37540649861907,176.5978871303373,314.4777809303897,53.564735844235
717.767001097078,97.93593273471927,209.09219280689018,124.7009321910111,-45.70201187946367,64.7843642308443
722.300501433285,-4.7845224408045866,68.32636925549228,71.10264571246503,72.6902139894402,-55.207423970506696
726.827129605783,-18.945459936398578,-208.24455315320358,-13.825876661787497,-100.54282137090533,-143.6539171188092
731.34689715877,91.50518010153239,82.90280781965834,7.498885192711768,185.05227559730488,-4.307808120773004
735.859815623244,239.3265070579275,158.02269271149294,226.91876642220916,80.72350604091002,94.75545172284868
740.365896517156,297.5594768819687,282.3399807245107,388.585729555242,376.62946856871355,172.7414182627
744.865151345544,230.5601540593242,194.8077219598054,319.3155435240863,282.5686825278549,209.38908786551846
749.357591600676,91.44958692472939,85.9621906984163,101.74452247535805,281.03342251174325,69.4584452195736
753.843228762184,-21.22574436197027,-72.9176287342046,-100.2483369607855,-15.006316567957924,-134.71684660235485
758.322074297195,-19.69798146809174,-94.07330119389428,-75.52820002007587,-119.03943438111286,-5.598557540217307
762.794139660487,86.79815039542811,87.6017793020618,40.929997235117426,78.7670095465926,64.43730832601575
767.2594362946,221.98665311703235,21.661092066714524,132.14654549903418,-79.97478661561492,1.727992684603695
771.717975629996,322.5894209880635,390.7472830206071,308.8834414835615,559.5430356474443,327.0963299731128
776.169769085182,328.57940138967064,313.35917811458,348.02414904470277,103.78796964947011,357.7713787844509
780.614828066839,204.0878230773205,219.8687454426451,199.5943009128706,251.29795060110206,145.45938340290874
785.05316396998,30.546061984816284,82.77697669710744,71.06901233618993,-2.469535340334417,17.180384493139695
789.484788178057,-1.1268466141851121,-168.76315276112283,20.39021096808593,-70.51502879814896,-166.88208390489257
793.909712063116,201.34063734578868,195.27218177204264,133.12963879036806,169.99059477122196,95.07422660010039
798.32794698591,465.94230186379076,336.1802557889934,338.61316514778207,420.4651214591939,436.70594405684216
802.739504296052,545.2495437628598,470.22950191827147,456.329189712193,389.16328697357426,407.5858374374217
807.144395332138,417.9033477570153,411.11777510262897,439.12026434938247,405.06522277190743,375.9069689399787
811.542631421878,242.63979138133533,198.21098351526447,279.19723527701524,226.95571707288488,308.7885489365172
815.934223882232,126.69411001890343,60.58716562291687,30.14965290823328,91.77674872425061,56.62977299517775
820.31918401953,94.4644729344871,-41.761357724703394,-61.57352400683075,45.48375086278023,0.3672338785136944
824.697523129624,130.41579812292022,78.58958524066287,145.92687404808345,221.5356592258434,149.37589112133014
829.069252497993,159.0931287158553,28.928845794451163,300.2357683599097,155.11372691841134,121.89646136131796
833.43438339989,122.444613895061,50.694174241624566,148.87631365660764,61.31310975215467,13.463322779865123
837.792927100469,59.13921240973448,26.9811478895885,13.387932020220457,-15.381321300042593,-49.44220570609538
842.14489485491,20.94620702656888,-16.12864745139143,68.570569503533,149.08624115881392,52.045145850159074
846.490297908544,5.795679074317157,42.14418211389407,63.94237671404804,158.12109503560936,93.47595537314352
850.829147496994,4.488301668614369,-95.97113717420989,-7.572746376263666,-138.05856749564106,-54.956781697175046
855.161454846289,4.307801618556212,-10.554015009867896,13.410742299553881,10.750599200368855,1.4910290465163882
859.487231173005,-19.661635433299928,57.38998575442585,-34.107062646426314,18.28227797552205,2.780116958027758
863.806487684371,-20.227693650103575,-107.70293551557054,-103.90613821348363,-89.81881725346003,-83.38403686273323
868.119235578417,90.7343681186853,-4.567297580836154,119.16704485497792,84.39996886071341,122.37158146317847
872.425486044092,254.34363291882894,383.6479127556146,407.1582653233395,378.4554407605962,349.0252743828909
876.725250261385,324.8831660367124,467.0311201457308,365.853939305818,543.2712717150097,289.5649835768685
881.018539401459,331.018058663151,298.3048565229925,265.6945422285438,202.8976392487263,168.14847665418674
885.305364626767,357.5078202757852,446.7583092805354,400.6576308630328,338.09805585085957,287.3229612955356
889.585737091185,287.3802376455832,448.0002265647528,383.2636500870551,488.32485723592634,352.2075509803772
893.859667940127,81.32121481933822,83.32338835749034,50.44303034368539,18.616937798345003,94.25435809976298
898.127168310677,4.545671924302525,-88.91342969693358,-71.12436884206,-28.448528905521805,-125.23485206626016
902.388249331707,159.42896958453238,150.53344542803904,182.54052274809374,-27.664569890611812,72.55306278272604
906.642922124003,251.29538239650523,255.90989806382868,323.51217599085004,298.2128488248596,342.54691462128926
910.891197800389,116.37884545615469,21.638367197658525,118.69519873736235,95.545330926339,61.360575104772984
915.133087465836,-6.007084049128682,-171.18724953462834,-63.98944937169004,-118.25391777410749,-234.47124008771448
919.368602217606,93.63217540307355,-75.0827848097357,34.35504394221981,-39.75621826682308,12.224601880115543
923.597753145354,296.04431435899147,70.94929269541402,200.84613072982847,218.23764699109236,199.2014685421329
927.820551331259,399.3710645914081,71.26112955279152,226.7353144460359,7.594876246670424,210.45738486732728
932.037007850138,391.60050464645286,156.63954225228628,139.28517911255125,266.93254905139867,163.29909860467612
936.247133769581,386.82788397478987,85.50777222165226,158.86005618603517,28.813054816645263,79.22502699385657
940.450940150044,420.4929557359981,81.55829124279535,264.08500074392646,179.0510764393535,163.01694833710133
944.648438045002,423.10481896278037,-69.9763586006419,107.61524802935833,95.66068254675224,44.14051556022838
948.839638501038,380.1864400973053,-72.05263211673036,-72.7011152852458,-129.41269059898332,-6.0202029585618675
953.024552557976,383.65850759607935,177.05308477860478,74.00889207035686,234.85349478245746,169.77718748517634
957.203191249007,480.72363531011314,66.1038765777368,239.15891680215435,53.72520451731475,146.007287080732
961.375565600785,566.0843259389711,213.94749771280226,198.99997239504086,368.64622987514906,226.8283927241858
965.541686633571,517.3722686631163,91.03922455896674,57.72335964207576,73.2979187090246,124.113924410413
969.701565361323,386.76080798080284,-43.923675734230244,33.55788095414874,26.0836748657714,-73.45556548888527
973.855212791839,327.1833970392179,162.08535354576298,90.23998242496009,135.00965465903084,79.08430344874256
978.002639926852,380.8746134907527,-16.228715297975896,4.814693717750458,-20.665729795998914,28.42724952038776
982.143857762165,442.2668327656023,41.4315418004702,26.663245156458288,51.090576893668924,84.9082297780281
986.278877287752,413.4639561080611,202.5632379326853,145.7292126103485,251.60476696438013,230.26946624278293
990.407709487881,336.2839946318883,-47.36251185348874,70.04995880447842,132.94370959139962,-47.51093693536802
994.53036534123,275.75368107210636,33.159443754603046,51.55783319720251,-58.827167042216274,2.25829102292505
998.646855820994,199.2394591711327,41.72369296093052,10.058095659225188,83.77187470929334,83.73941270783718
1002.75719189501,128.8804467961946,-169.82130820086087,-185.23108586580412,-169.64290108959392,-163.6662546973375
1006.86138452586,162.81741820936787,62.81565899243702,-62.69700094892035,51.631497212308375,26.894193035841624
1010.95944467101,265.02858107590185,75.22432453468193,177.88819641041363,219.00847446009607,218.31902046627715
1015.05138328288,291.97498044365034,143.31936759255646,102.45701987819928,134.61708304217808,65.87912786150679
1019.13721130899,186.67950226190717,203.14661845282768,47.97469475241111,38.58545755855937,-10.061627329039368
1023.21693969209,30.597146248937243,-20.326975642261687,51.71688591308548,-18.470817931216004,-8.018177066070422
1027.2905793702,-33.4642914334463,-68.76199702571977,-79.8260106038147,44.590491195452316,-81.03543202957496
1031.3581412768,29.62636167078694,66.1568768888703,3.608181586343221,-119.21496114771945,-112.75207231954062
1035.41963634092,78.36249221399763,171.4621803861387,200.41950336468958,90.00932453785683,73.86833718600877
1039.47507548723,28.157229222868114,-5.5841346626387605,74.60461782983104,4.761606075615255,75.66337531407
1043.52446963617,7.282044613800538,-4.700251684411029,-33.843879342789606,-1.3877919123132423,-59.694284826906866
1047.56782970403,90.23315751238289,72.02478488892581,23.78037247391059,7.559896005860228,74.93383931071399
1051.60516660314,125.24272546174328,13.387124892776534,6.6828573599691055,39.75464962473552,66.48228069812832
1055.63649124187,9.673113195749192,-99.04419108080387,38.51528422399827,-46.89497212414143,-64.78005609669702
1059.66181452483,-89.962133965848,-105.68253627862023,-56.95639501519173,-70.18946923996366,-41.065373562675774
1063.68114735294,114.8256277557555,-8.922724347815937,-83.09684389370503,-22.786510406344618,-0.8371132809788335
1067.69450062355,754.7355192845599,618.4879851800565,618.0991422027719,476.81289972227495,525.3513598500066
1071.70188523054,1657.9234793729408,1627.6914475450399,1555.72158366479,1676.7155950766924,1409.6485629057454
1075.70331206442,2440.1222258192033,2176.8021335170897,2275.566488796431,2266.528501722995,2127.0835483382843
1079.69879201248,2677.7981615327876,2732.649997875217,2758.1365032217223,2781.587349674001,2717.826808177794
1083.68833595885,2169.8749525263574,2306.805355926722,2306.128325151618,2131.2708713026095,2390.9451237593
1087.67195478464,1243.9212405957405,1151.7651296076401,1190.3586929347439,1117.5072723141843,1335.2629657273087
1091.64965936803,521.2582005775726,495.6721835849373,460.69284289068224,487.75523327339727,653.9644037169169
1095.62146058439,242.45393935713483,57.59631116051581,150.30905233148764,160.15251087090803,233.84208846704732
1099.58736930637,167.14899441945352,93.87988156480833,21.9492365067639,52.09769579338327,129.70981388851396
1103.54739640402,83.99249523860716,82.88466638188693,25.369219411616868,80.79988583000397,151.92926872159683
1107.5015527449,21.92660237054256,21.253900308557853,55.958442982767934,27.954105568400045,19.479179744445005
1111.44984919419,16.845844362663215,22.313220417118572,30.104110720216834,26.642072955698218,53.77825939275962
1115.39229661475,12.651548015911857,-121.19758297033597,-46.30642942702382,4.087723568019595,-35.20134897814788
1119.32890586729,-13.397586871515031,-51.209268532949096,12.78615715023749,-122.99358854191925,-72.54779300398457
1123.25968781045,-28.413542978615894,30.63666683976039,40.60008736792884,65.06144928552608,73.12645078159453
1127.18465330088,17.702608128518214,-83.28286774795774,-111.74440227296537,-166.54412259414764,-99.26169132117187
1131.10381319339,183.54132402156978,17.489013765013066,26.638689704053537,-13.743726592740746,26.394956587226456
1135.01717834101,434.8297780122984,426.7323010706443,392.7716320840328,403.4468915997853,486.1620581106725
1138.92475959512,616.7060275296043,506.83072019501407,536.2822734407769,502.77417766546307,609.6410942345352
1142.82656780556,636.4918008147089,583.6925366795382,620.5618129895013,495.5352395171202,654.1172919048719
1146.72261382071,562.7167332974784,473.81425569372146,603.608279016861,466.82751263150755,459.3462906856289
1150.61290848762,480.33857030624074,231.3612873722705,408.8668416728313,81.5036828523814,236.33188158010364
1154.49746265207,372.8274875489993,513.0267936154555,319.19585176479563,287.3981084434325,322.40499575925
1158.37628715874,244.6433714997081,217.02375652451659,227.85729965184788,68.7211898689338,160.50158205731623
1162.24939285125,210.75756561034018,21.518943587769687,179.2171722638791,-25.012438925418124,85.31806460042527
1166.11679057228,313.2182502801637,282.2495213739055,326.98566329413245,199.38986934962733,251.33090658457948
1169.97849116371,430.8517622545246,227.68907501868011,389.9829968945096,266.0656468688884,283.26910884091996
1173.83450546665,490.1866015601373,422.8661603236183,346.48760548462695,264.4791953909387,297.9097770539901
1177.68484432161,574.8022627813399,392.628830666137,420.9272659060591,252.36671960263175,302.2506722151067
1181.52951856857,731.1810788681537,539.774911372324,676.3551038843705,453.8387695613782,547.1099899382224
1185.36853904707,808.5927124608871,857.2768752355307,883.2860208157829,749.3066552459693,861.1207529121939
1189.20191659634,649.8694480066845,656.6714164494476,741.1011342327233,487.92024280723626,727.4059573143556
1193.02966205537,363.88942850361144,307.50829821018715,415.0774927480142,325.0997211833509,335.50881690705705
1196.85178626303,181.77371497302977,71.7658549750581,177.61762865750313,99.57641838573997,132.9029801779477
1200.66830005817,117.50578678791734,93.75260948764455,49.40286737753917,-12.240441491703951,82.93514065603055
1204.47921427972,32.13810550422231,-110.775109748108,15.359354812036678,-25.58461580099769,-68.15059810148851
1208.28453976677,-52.81292239525659,-39.033582157917444,-38.51481232267982,-124.12710255026028,-87.72445224585495
1212.08428735869,17.206439809023166,31.537062138430212,-62.64460913006021,37.890089046023164,-12.538428131296648
1215.87846789522,208.67888533482022,162.52299681658556,190.1678427808128,-9.80638721853591,197.4960020148824
1219.66709221657,278.525993206728,448.04486108338733,326.2101665204813,497.55903851595343,351.6540959596559
1223.45017116353,170.32049141840383,-101.71301455890175,37.92923035576152,-39.0045493432026,3.2985229738741495
1227.22771557754,116.42816397580498,-64.83998211841165,-72.62480948542697,17.82854762906732,-24.379283578789575
1230.99973630081,209.79463812733718,157.01262474977756,123.79057503947331,251.88683134266128,209.2630020179372
1234.76624417643,269.7730670215228,91.7827641789231,198.31890391841426,210.35507243507922,166.5734186360826
1238.52725004843,229.3204116991982,127.48745996663409,98.17119608791776,205.5428321159941,153.26403258807528
1242.2827647619,239.46866387752294,-4.435361908294757,72.09132945742934,164.02112981313147,66.17650784322015
1246.0327991631,328.8898940553524,332.75359539241697,280.0186187929622,422.0085902118647,266.6430814580964
1249.77736409951,328.16130271001316,306.8877500746894,303.73165197638025,367.07005765370366,459.4520164380577
1253.51647042001,196.25474804056853,46.21646036296861,17.1223945044731,-70.46846579824845,130.89989439867057
1257.25012897487,105.15646547817173,38.63070327726465,-47.43534680089835,48.543349924157496,46.592572112546534
1260.97835061592,137.2923796620451,-22.5397409425103,61.21387389870311,42.46739195144805,205.87556835955127
1264.70114619665,160.63645202438082,41.07635017140116,64.17565619083503,83.46671607207412,183.8483833040326
1268.41852657223,69.22005337536542,85.25833975336036,28.92740056092351,63.702147944393005,73.92714002721286
1272.13050259971,-28.55864080352992,-79.93008384004261,-49.66543850907657,-69.17538052283881,-58.112451817110085
1275.83708513802,25.044067132714346,-88.48872043875123,-40.99394712436899,-67.38550590495487,-38.35874579922276
1279.53828504814,162.80900550519144,179.62334272551536,173.89572487254267,79.95244418973645,185.15272083098296
1283.23411319314,167.35603655565023,135.44418928881828,267.941970548885,246.16294181655365,339.8884254253871
1286.9245804383,21.436463854414317,27.755470774253556,43.990792026483824,-57.38729716008248,150.24593976905626
1290.6096976512,-56.90165253091202,-83.24575789804298,-125.16799622713239,49.11078277256147,-60.92319069216093
1294.28947570181,6.234062370602177,70.64539612140157,18.44511746651829,-86.91332052774109,156.25098333009413
1297.9639254626,35.60681956708336,207.41353885032453,131.60311132687332,298.49241901280425,246.4180119554631
1301.63305780862,3.0945116926772105,-42.32100494299176,29.860016229035992,-0.4718598148886386,37.25298031139636
1305.29688361757,93.21960046466631,89.00644095824373,118.2946329167547,235.70499530943863,190.3693819825034
1308.95541376995,240.1101626433053,201.6200077090439,368.1205745223891,327.91713043623525,392.91567630418706
1312.60865914909,175.9498460910644,203.13370165008246,210.2534544081721,244.23513169889927,169.91861059614985
1316.2566306413,-11.014939151444473,-15.478966864225498,-95.6813048482293,-57.99573208726392,-91.12637133469573
1319.89933913592,-5.7507924462745805,-61.558567361358605,24.89198772599571,2.997154328124883,46.164611744350665
1323.53679552544,158.93870954261018,326.660184322605,185.67662547514774,222.68745288137686,275.75543217938946
1327.16901070555,235.49593962302646,257.6797950811383,153.87064228440516,-2.1801852578959036,241.07163031035967
1330.79599557529,199.9437554553845,160.79940241920121,224.30256293671488,325.5731382164887,229.6611217522843
1334.4177610371,145.98367396727215,190.1212735217656,223.06343991916583,88.543766163265,135.16613442519414
1338.03431799694,74.8702964099683,12.645916457115085,69.92851618720981,23.81731386905237,-21.48107650374498
1341.64567736434,3.043442787495991,-49.30697130136733,9.80764988081583,-31.97207637317935,9.749348170877504
1345.25185005254,-10.130438873484906,64.01571718586405,31.70055675191449,52.196335309871074,68.69871935905101
1348.85284697853,5.022452637675393,44.08254432873602,14.736920338081006,47.77465262889939,89.31790816303617
1352.44867906319,-0.3592511769411004,-107.30385245558809,-50.99406422112394,-32.74501386364236,-70.1084637314928
1356.03935723136,40.064501909539516,19.489851576656164,-26.48057664382644,-160.21848625496457,-20.35880308528467
1359.62489241191,167.29617549116105,182.59787636431696,115.3530614107269,182.59025079944382,287.57171105310476
1363.20529553785,272.63509601892156,49.582088148306894,218.95403456676578,175.90743539748522,245.72586322377165
1366.78057754642,260.0763599180906,221.1672793371452,187.60982298828483,152.1731692896038,203.64630435331352
1370.3507493792,190.51392372857217,213.85152833143627,41.72859010888489,100.43183528150823,160.27204115864407
1373.91582198213,203.9593245100479,45.79136885349466,42.66605287331836,47.55197229206722,27.843392475694053
1377.47580630568,344.5698943032894,261.0185165219326,259.712607576738,245.99124902485667,196.91676119659246
1381.0307133049,497.5656901956271,246.60647429263435,397.97369569547317,278.46297275540036,338.1650980085025
1384.5805539395,541.1985804341961,313.43950964614237,460.16273799584746,430.52206386906397,407.30218531840694
1388.12533917395,484.34278203972207,396.92870342162814,496.9844817472504,320.0565651072625,452.6738800732011
1391.66507997758,406.0056861677776,282.6063706935508,387.64215491754044,407.9281881151563,315.9394195937084
1395.19978732466,368.0756265640021,229.98370058351088,327.6089175265973,241.64733131482217,278.60976653171247
1398.72947219447,381.49268903607503,340.5129367222321,417.13178487375023,360.9142609807029,312.9985086402304
1402.25414557141,364.94888430811574,300.3681028065023,445.5868924743837,326.94911137439306,254.72732846306695
1405.77381844509,212.90725212800965,70.38928157322145,339.91247940627477,148.3858100966993,182.68955164394188
1409.28850181038,-4.030262159602529,-35.756484195883615,34.509706157573476,6.274575902040283,-14.409111657871236
1412.79820666756,-57.58392573123419,-104.4584939158056,-175.7711623332867,-200.55410851428297,-166.0134707808805
1416.30294402234,94.29487886620416,155.11044492878102,131.08190047125132,96.66850183041257,76.86773749446566
1419.802724886,239.91733933855977,233.1003464736476,385.7151319934867,347.2007151691075,273.4789384725399
1423.29756027544,302.26541138455036,232.02262694273173,288.86343853336103,278.7470930506258,164.3656128693924
1426.78746121329,403.8947663429401,468.23610677495833,422.58344940347854,422.0734620649291,257.3935319822017
1430.27243872799,513.2531263820254,420.54737188229115,562.5687159977555,545.729154474123,427.3641536673528
1433.75250385385,475.2190135118934,326.54592276694757,358.79475845635505,343.8883095421564,294.63584093965846
1437.22766763118,323.5100654375218,310.76578661638234,203.32826598478925,210.22297269619432,94.74187325885447
1440.69794110635,196.26317471955042,275.1784662343671,171.53290975325393,157.2736133801198,52.06649932973043
1444.16333533188,107.16752184569407,202.5289695711856,66.0631466623352,59.83235790516576,63.856816993524426
1447.62386136651,37.68967777841267,-14.665281920573406,-50.434772141859696,-29.161458530528442,-78.82100755796597
1451.07953027533,28.028025479198327,-1.4762808802591394,-7.056303153510315,-55.691842671802156,-124.65693601037376
1454.5303531298,76.18451929945574,188.20474209915864,72.41893909867476,141.6389971236681,9.329506084974074
1457.97634100789,148.47771232717116,5.1911857124116025,16.700350917737637,80.28764967519325,-21.012383326794687
1461.41750499413,204.8558567496841,173.90495507101946,74.3626394098936,64.53072757125565,53.83347524372965
1464.85385617972,149.03990262920237,317.8772179450023,157.50865907268033,315.80515270141314,170.10320613459055
1468.28540566259,-13.580914064424887,31.078306072837595,-2.0819829358456587,-133.07198233846952,29.81138367983322
1471.7121645475,-85.97317916269131,-19.073745960432596,-94.88534905874224,80.02317756165804,-34.594664310674034
1475.13414394613,35.23325597502378,50.31617491414114,26.702940424813935,-62.71664869266576,34.43308417750108
1478.55135497713,193.73291643887157,211.36009036352593,189.6211636635465,271.7842767512067,177.42616921142096
1481.96380876624,189.33136479788428,167.10700078619442,234.84262524411565,147.57177071700295,310.6797099654172
1485.37151644636,37.75633398051667,13.493497471225723,11.542823061701412,67.59189436260844,85.54931104744958
1488.77448915761,-34.26749466125153,-138.79177444118238,-114.9773074852067,-100.42558521518272,-192.34029407612556
1492.17273804746,80.69044622098181,43.61745860914367,142.3254931948122,63.246288568161184,57.33284158323546
1495.56627427079,183.322517183866,236.7310787553476,230.47583434690523,305.6637000039989,250.47646337691538
1498.95510898993,113.33819827909574,12.201106537826561,44.47685907652697,-10.002219457293812,11.926753991679867
1502.33925337483,4.374267286200478,54.721289146520135,27.781253682159115,40.71158784586193,16.13776771108575
1505.71871860307,-0.020523019115429975,30.034675250758823,56.5460838023926,-20.050743321416952,130.89282869666437
1509.09351585995,40.83293874304796,34.93672794563655,100.77912480079581,63.15396450541938,64.87059705007357
1512.46365633861,41.885902830167495,254.25719377934536,157.60461598834607,12.23693837279048,50.390509000690514
1515.82915124009,35.04696193366024,82.65229423373566,24.392198489391482,49.49196709114605,-31.605455103533107
1519.19001177338,42.61461943281577,-13.899614762635075,125.64675249600566,-52.138934181620044,-9.34234434669126
1522.54624915557,-9.714484327034619,186.374405118988,294.85239965747513,192.70621313846524,65.55447479003666
1525.89787461186,-97.4774682220654,-94.82836749503707,-21.405933746061734,-108.63365001519139,-161.5055627591033
1529.2448993757,-56.399615060884365,-117.98142778694064,-84.37470731869915,-184.02308322443992,-131.04747197376923
1532.5873346888,112.01999713594459,260.2470051864679,215.95895978520508,85.04728904835403,80.24189133391693
1535.9251918013,224.1766303762374,165.70393751782026,220.36964480694922,49.92245433799313,17.869257998608624
1539.25848197178,221.47580795333917,209.73402077062076,271.6603074620515,45.04740670808168,155.3315891871338
1542.58721646737,213.04919099967213,174.27329278498303,325.2736216033868,238.50642656456523,208.43634308473293
1545.91140656381,293.6058796888003,-15.669557164314668,221.79565470529155,39.04027461075091,84.31264981573767
1549.23106354556,401.34818489790126,247.0790369584716,421.7422072056811,392.07465334393765,309.5615454065863
1552.54619870586,362.01467459784743,303.3195449656158,520.0345343911655,307.65514969813876,369.3795176552122
1555.85682334679,163.1506505728484,53.770245082204454,199.95299395121486,-11.390117826525284,53.422457716017576
1559.1629487794,40.45116789721992,-34.85187516184557,49.325730333987224,27.750635637395206,-83.2445060946091
1562.46458632374,178.83541417146301,78.95401313342555,217.18618591594347,214.40543228675452,139.4962614767819
1565.76174730898,476.75674008261944,383.33051095595226,481.4844378406024,528.6184111042653,408.96304201297687
1569.05444307344,681.6044919647537,547.5762190951023,731.5112704382199,546.8485497928175,556.676763934979
1572.34268496471,712.3521738063255,531.9974221767338,773.2371190865913,750.1030289229963,645.3231603629135
1575.62648433972,760.4765363082568,477.08275485356205,729.3276375670739,729.0175712858239,641.7523505341453
1578.9058525648,993.4676736205369,765.5281445372725,1016.4278930634342,899.8983978364555,914.6679318551942
1582.18080101577,1307.426141626512,1207.2319064150395,1372.3876710313841,1442.1856412211139,1255.1745796442674
1585.45134107804,1525.3784124264932,1152.6989926886436,1396.9450914988242,1413.1035649029334,1211.7510690125723
1588.71748414662,1592.0157813474236,1333.9366723248004,1504.5118107297985,1395.6207457133255,1323.7907357588092
1591.9792416263,1454.0118921077503,1362.2522524049318,1655.5844277883505,1610.2227484438733,1417.4444947270272
1595.23662493162,1108.079487259834,863.1304684781776,1255.0650115402134,1082.985774645276,1077.7792646435994
1598.48964548702,758.7398191398981,582.5522510587633,677.9755841259365,776.1650892523238,688.189343790181
1601.73831472689,577.1580923183924,347.69720537949297,534.4915036896363,492.9388833414921,458.0733931343465
1604.98264409566,470.7471740039188,254.4329211726395,455.522020519119,449.2443809966776,315.66542838186365
1608.22264504785,309.43037864919063,91.13220815779347,112.42426015709913,288.53348110584636,82.24825686022658
1611.45832904817,122.78859651398636,-52.60499549880199,-75.8271040098997,-90.42057929771843,-40.448636629096384
1614.6897075716,-3.4159446957792667,-62.60940070298115,-32.042875010513974,256.2176033068816,0.9568953120758721
1617.91679210344,-18.03940947234055,-85.28263059374183,-23.80911390144915,-10.318116028768976,-59.44760495656545
1621.1395941394,60.037641061562,40.98832476960588,26.79927786935155,214.7814292416695,10.581423452329808
1624.3581251857,119.44657262482133,70.45546113635686,37.14658469503744,74.1459548605481,76.58835653949049
1627.5723967591,78.74659623067595,-21.44132243647867,-10.405138739611814,53.97145570988052,-81.82240862950707
1630.78242038701,-5.167371716153536,-14.72597361644855,46.13282369866363,-66.45685682796626,-47.88842372093514
1633.98820760753,-16.446536417447508,78.08625258830398,7.842100819476286,135.6973279696157,22.95965635820911
1637.18976996958,79.77427794266822,-31.630267873272338,15.962162890319675,27.054789847572593,25.816016571034453
1640.38711903293,184.08357047129877,242.0014185095702,217.8562260344651,229.58107514388092,271.0613223756754
1643.58026636828,217.22362073300195,312.8606171666854,155.51627865088327,289.96155217899434,210.7251239302649
1646.76922355734,237.41024292803712,-7.233293132445514,42.00814871436564,-79.99086248595563,76.33333033075482
1649.95400219293,227.76648308132275,326.14874954236296,176.38654916603082,376.13347290460626,336.168853539148
1653.13461387899,101.70319565292962,195.90683453873342,60.39752986686141,61.60172079773617,150.13925324462286
1656.31107023073,10.5467441285599,-86.73991495208608,-96.65331824003076,-29.65574048920307,-100.96955915619762
1659.48338287466,96.50155116905992,278.49371059415915,140.28408382360743,97.45490392821432,262.6945198802162
1662.65156344865,147.567407759516,249.87566449313874,209.71460681920857,322.75857366212955,365.2845226403551
1665.81562360205,41.53855796759115,-20.929632033420805,-30.81872103812033,-90.8942118219239,-9.967040377608946
1668.97557499572,1.9164833418409657,92.23058157899538,62.68418729934159,59.85372157542909,53.140637068954824
1672.13142930214,87.54241659657012,315.3054625306743,300.22514951052176,320.21464814399496,348.29671114455164
1675.28319820544,95.62093736584512,194.02575567686728,135.51185106182493,217.83380073971668,114.67863169674212
1678.43089340151,10.256892699540913,6.9917580585459795,-26.69022427372289,-6.958136001168098,26.320174702868222
1681.57452659805,-18.28562905584772,83.53768619530713,17.383834872443437,61.44400143846342,153.00275104345192
1684.71410951468,20.077400539618864,-37.61287828445718,-43.8143442524874,-41.21609406300652,-27.99036569424385
1687.84965388294,37.206433963323256,-32.083794592510245,-42.95752329478711,-17.798872385498306,86.90591883949105
1690.98117144643,2.4368206197797484,28.583916192769692,22.605594673514645,47.73381398811391,187.3497297963273
1694.10867396086,-44.44571867436012,-143.72040614185377,-28.871035971894244,-118.42163662098326,-80.6557137501312
1697.23217319411,-46.47026424303726,-21.423044472084985,-34.87613495233176,-32.77514432825092,-57.18348272514291
1700.35168092631,11.194707437511433,51.94136172895446,13.26030565264001,-37.532010318995496,24.96647867096175
1703.46720894991,98.46365174606707,62.11228479214903,65.60711943661829,51.14412960883045,43.414954944502256
1706.57876906976,159.04896036254007,149.04205814211764,152.14398446622852,60.71339687336298,275.05273787803173
1709.68637310317,151.10516540323414,125.80385450016068,154.63154853289944,131.73982559011387,303.08061326392465
1712.79003287998,139.63188608535032,28.62251190926651,52.1850444882494,-36.87306736477665,125.37050107761401
1715.88976024265,209.8210186991542,58.49789526696562,35.286193621897965,46.58264903119206,184.1426406964967
1718.98556704628,263.28820837954925,238.04034661864804,167.33610684323656,189.04736594110162,292.79909972443915
1722.07746515876,158.9369431762903,198.8544394153755,182.96419958121888,89.34433304823358,171.1384613841166
1725.16546646076,-1.0501525984422386,-25.79638650606993,-35.383363223883194,52.53296021908563,-29.83145629669005
1728.24958284586,-26.594888914709884,-108.34512583824477,-125.63124036638098,-200.14751629111356,-99.76277385923646
1731.32982622057,29.41387265391196,22.426850237539526,35.25655742091456,34.50248809557527,51.98953630500382
1734.40620850444,7.7350457685991145,-11.784289564304203,57.640754972342506,3.185332138092079,89.68729779312483
1737.47874163012,-16.6703525507981,-111.62310576591975,-39.59877231826631,-47.671265804589424,-114.62011242006079
1740.5474375434,111.44776611835204,47.512331846692426,125.23271039109528,85.255885582578,1.664083439830391
1743.61230820332,268.00093842804205,164.10620403412014,319.0626633663778,312.8563352143471,226.95823396927855
1746.67336558223,232.54836096143225,94.71276650748707,195.718643872192,147.97934016994225,94.73905773641022
1749.73062166581,71.34164610274057,4.8836548556299455,35.62383279072451,2.706419916158744,-10.003566544764354
1752.78408845321,6.831974355391125,-48.59065541733561,49.477021283906936,-39.04488206782092,-2.9913976519139283
1755.83377795708,81.08329978760952,54.29726442167053,116.97430148609492,-0.41625476625339175,4.920014192090662
1758.87970220363,153.95462793184814,145.81970960164972,174.66931115545015,169.44384373433437,61.09469763720239
1761.92187323273,108.27871362412553,61.13370862185222,122.82858996788185,91.88282824987336,55.132378290499
1764.96030309795,2.5828968435406097,-10.179433834462426,-53.214213352970376,-43.57647756480637,-44.48017287321427
1767.99500386662,20.0472079861851,-97.25292611143686,-67.85860084398986,-138.9373474045785,-126.79700354699784
1771.02598761996,176.3020445367501,73.34362297591792,178.04596480266636,12.05151278569884,84.79694748736223
1774.05326645304,241.5448969981295,227.05777852628376,279.1163270794913,229.5418636884973,225.01247633606462
1777.07685247494,136.63034506732436,-32.899266466697995,63.42739429156571,49.70937486944235,-52.924919152903755
1780.0967578088,101.83754240997744,-4.0385122148503925,-9.80086876679827,43.07153556548754,-21.51913955410827
1783.11299459184,260.48866785498586,235.37136187668347,246.61507911489034,297.48703757614254,239.89960612539608
1786.12557497547,382.3279215978142,318.52886828599037,396.67470547697434,156.22665872264545,268.03554927715163
1789.13451112534,284.6014555096545,272.0712082272002,229.90283974152007,217.79796478524915,215.44065716345884
1792.13981522142,140.07427197346368,48.50646430108165,67.89938393887856,-35.57835846721346,17.40629787447342
1795.14149945803,184.95595193684176,162.80988530866824,172.16031621218335,100.949272592238,66.70793270001701
1798.13957604396,350.682884562143,462.2244929632107,359.585164397594,350.3548199812988,309.7449940647374
1801.1340572025,407.2723925394281,392.8224794881403,361.5418695803041,296.9256482878327,292.0478686252562
1804.12495517148,323.7324410102958,306.2889072948084,262.24076103253765,204.19697868445584,283.7589359097594
1807.1122822034,237.8256303258946,240.50333469960665,219.14045144425842,294.68387066751546,167.65657990131226
1810.09605056545,176.17006890706546,209.78284477079012,151.92524948992596,145.56338941354227,44.64882758142239
1813.07627253959,68.13490516413184,129.40225307463953,-4.737482457289715,68.07633576502701,51.37543640705981
1816.05296042259,-46.97065962519409,-125.6457959157692,-125.83870810696531,-133.1655509681773,-103.94004571017099
1819.02612652614,-69.51959945278699,-21.950290637365903,-95.00595876648376,-61.65782804918743,-114.11424151781722
1821.99578317688,-15.05900451104737,-3.827329275227676,20.283552832461233,59.25861267731539,-35.50447705042252
1824.96194271646,28.787391990807834,-31.462359251811563,72.71384400062121,-69.66829142838056,-34.808035506089475
1827.92461750162,33.90002355189787,50.797265940861195,43.77170903737675,221.67274784492707,56.23845521129358
1830.88381990425,36.63680754563261,-3.6117438541574876,39.09153549406412,28.949813393690018,45.20190584825107
1833.83956231147,62.03072868159756,76.85614540077329,29.90233907167378,132.6847100842662,-11.959965255541508
1836.79185712564,76.25018068387084,-20.90593207666455,5.4484343441028065,-41.53634808964289,19.895099416401344
1839.74071676449,39.00954533648545,67.85953872190946,93.45361063289893,181.14947956683756,49.761427760480565
1842.68615366112,-7.5745180955275,152.37923039921816,101.30627232598303,166.5147586601173,17.851332801184682
1845.62818026413,7.7967492084828045,-54.63582624250396,-29.007521418267515,-3.543934092543672,-22.39838333881027
1848.5668090376,40.61251335496069,43.55873474389965,40.97279418144568,94.49666485955343,57.05767345825274
1851.50205246124,2.9632397495425824,78.63713374157781,112.62135875981156,86.17016237702778,43.00486408749363
1854.43392303037,-19.08407579016796,-104.26439201409545,-43.8653153505859,-6.097234009797646,-107.52608889215634
1857.36243325606,105.92950063275818,79.12570716961861,-7.9647661632074005,-36.24129369990322,47.522226406536284
1860.28759566511,251.69070622340635,323.0724761245134,180.60886637801914,415.95238125774466,272.85103204206877
1863.20942280019,215.79353781544506,160.20617970897337,103.28498674162827,124.40231672787715,111.9234203831542
1866.12792721984,62.79555664293906,-0.8650316169677055,24.648593460995823,62.53719275256126,29.058410180583564
1869.04312149855,-40.294274468155606,46.81261954147966,74.46636890300431,53.44880864665219,79.52410779085417
1871.95501822685,-61.73853743867032,-36.888590773412176,-69.5579904714502,-40.84835470673672,-134.8326125212539
1874.86363001132,-24.75652039860097,-164.0464755302209,-97.68204941077573,-208.330243747049,-106.48232585469889
1877.7689694747,17.50499527425304,184.58511537410342,129.59257145750655,217.0439688599679,173.41027479395518
1880.67104925589,14.781692292917677,188.95392011659777,70.06391507693084,37.66062312902133,55.85286072608312
1883.56988201009,36.8819054554709,19.798173957310198,-53.867474081215036,-54.61624407367845,-8.560045453247106
1886.46548040877,122.64003730056501,255.06751907836104,133.99444357425008,209.5905925381699,244.48327846716188
1889.35785713981,161.79881303591335,142.6145238929702,166.09166238596572,131.88097849988748,226.82477023299694
1892.24702490748,108.33156658612076,72.65805611942287,29.57010877950767,70.97685674756382,21.78969948516163
1895.13299643259,37.20118087761294,144.9184231436524,65.2652681991982,37.226965234957206,16.464225162190903
1898.01578445248,-10.734679816128086,24.73484493372221,18.519181871211885,35.67937510066012,-9.039623108352071
1900.89540172107,-13.683062471514916,-131.14534376816007,-57.92444313432853,-130.51115616475184,-95.68589268175802
1903.77186100899,57.83808740455662,32.80093885888943,98.39943256642796,25.57654384686374,65.97467213586332
1906.64517510357,146.92693172861775,119.39790078295829,194.77516225145928,188.79944461988788,179.25703758322862
1909.51535680893,170.6910240613043,-1.2517643586047964,173.8347931786054,103.8773018032257,115.71382554551957
1912.38241894602,157.7472215289488,59.493614998210944,169.81092546547472,82.01068683996863,69.91958405373083
1915.24637435269,175.1132093657562,-5.33633264725108,114.66721324562079,-76.73715925721649,2.9213993987777584
1918.10723588376,191.15118137146965,64.05616566006478,126.65185008814296,167.62617779082106,42.927793132013015
1920.96501641103,132.49407212023698,97.91915753748019,163.08120358778626,155.20710946227024,34.92504656891121
1923.8197288234,27.56587061316581,-1.7187709337829906,67.78890510903614,8.269916909458296,19.645421930188185
1926.67138602686,-21.121927684425273,-85.68047704571254,-30.514998509778565,44.66157631372447,1.4892410086564212
1929.52000094461,0.27686151911059653,-143.46572303995134,-32.05772685484109,-184.3191253247869,-156.86393972702857
1932.36558651706,5.525521021070293,-29.162032672156833,-25.564620813566247,67.93354962050454,-24.80318354854892
1935.20815570193,-24.014545733471053,9.586870539141788,-67.3143222278357,-87.60037508728993,14.791164482863172
1938.04772147427,-19.73861524345061,17.623024262205128,-17.025468728491735,31.602553834083448,-96.85512099773095
1940.88429682654,33.96155503260278,67.5694518106802,59.11034865965269,18.16107218036101,80.352982826098
1943.71789476865,148.58790611343426,23.842535276350674,56.31048599423043,86.96156811915999,27.315699388110225
1946.54852832804,348.96851419955146,232.48715694476348,309.219446079219,272.045192673774,241.00482446287512
1949.37621054968,473.30394074552515,615.9299294920562,565.0981683654447,604.0114011966625,641.2896189820715
1952.2009544962,356.1457900592523,255.5136859793069,292.03051443103465,271.3408359720972,285.3498294016134
1955.02277324787,158.3293233736317,25.158709916946243,12.44364433470711,28.27859812530041,89.8931022181597
1957.8416799027,62.92245631271838,179.60676370423806,27.381887590057733,204.62111986487474,170.26789174214576
1960.65768757648,5.229731463882473,-10.622803831014034,-35.60231071271958,-84.0010633969575,-35.10027545097669
1963.47080940283,-41.00557935424937,-45.78666819977133,-54.168408980709444,-48.59716758304078,-64.87607860962105
1966.28105853328,-9.117416696583962,-27.201311484987386,29.660311914904508,11.894663641875997,30.77097635655202
1969.08844813725,35.16796554361725,74.48151393467208,13.317296490952437,72.6896385510585,42.03730093554637
1971.8929914022,4.116549111823189,-30.749060497160496,-6.740674474435009,-14.438039158357917,-37.35853034154404
